"sample_type","repunit","collection","indiv","Oki100","Oki100.1","Omm1070","Omm1070.1","Omy1011","Omy1011.1","One101","One101.1","One102","One102.1","One104","One104.1","One114","One114.1","Ots103","Ots103.1","Ots3","Ots3.1","Otsg68","Otsg68.1","Ssa419","Ssa419.1"
"mixture",NA,"Mix","Mix.1 ","85","85","260","296","199","214","158","207","256","256","161","169","218","286","103","119","96","106","187","283","268","280"
"mixture",NA,"Mix","Mix.2 ","89","97","212","288","192","222","129","174","248","277","173","185","214","230","111","135","92","96","176","176","276","295"
"mixture",NA,"Mix","Mix.3 ","109","162","208","272","203","237","129","133","240","252","177","185","198","234","152","231","102","104","183","199","241","303"
"mixture",NA,"Mix","Mix.4 ","133","137","212","224","233","233","129","133","220","248","157","181","230","254","135","228","98","100","179","187","249","280"
"mixture",NA,"Mix","Mix.5 ","105","113","248","288","222","241","154","158","224","248","149","149","210","218","173","184","96","106","179","207","260","272"
"mixture",NA,"Mix","Mix.6 ","81","85","260","296","203","222","133","215","232","281","149","206","179","230","111","192","86","106","172","172","264","295"
"mixture",NA,"Mix","Mix.7 ","81","81","236","304","218","226","154","195","252","260","149","165","214","218","207","220","106","123","176","179","288","291"
"mixture",NA,"Mix","Mix.8 ","113","129","304","316","226","245","141","141","256","273","169","190","198","210","103","243","88","109","148","207","272","295"
"mixture",NA,"Mix","Mix.9 ","121","133","244","264","237","293","154","154","265","273","140","145","198","218","119","192","106","106","235","275","268","276"
"mixture",NA,"Mix","Mix.10 ","101","109","280","288","211","245","154","223","256","281","115","177","179","222","160","207","94","96","247","279","260","272"
"mixture",NA,"Mix","Mix.11 ","113","150","280","284","192","233","129","154","260","293","173","173","194","230","131","243","92","107","187","235","264","268"
"mixture",NA,"Mix","Mix.12 ","133","133","244","276","233","241","129","183","232","236","161","185","206","254","160","169","90","94","148","179","260","264"
"mixture",NA,"Mix","Mix.13 ",NA,NA,"248","288","207","222","129","137","269","273","161","185","202","246","115","119","88","96","203","255","284","291"
"mixture",NA,"Mix","Mix.14 ","105","117","252","312","211","222","133","166","244","269","153","157","214","222","96","188","86","96","183","275","284","288"
"mixture",NA,"Mix","Mix.15 ","85","85","232","268","218","218","133","231","252","252","157","165","183","206","107","119","86","90","179","287","272","284"
"mixture",NA,"Mix","Mix.16 ","105","125","220","264","230","253","129","251","240","256","127","149","206","214","123","181","96","102","164","255","264","276"
"mixture",NA,"Mix","Mix.17 ","85","121","256","288","203","233","133","203","240","256","161","165","222","238","160","207","86","96","191","215","268","272"
"mixture",NA,"Mix","Mix.18 ","121","137","204","220","211","226","154","154","256","293","140","145","226","266","111","131","90","100","207","324","260","291"
"mixture",NA,"Mix","Mix.19 ","85","113","248","264","214","226","178","178","265","273","169","177","206","222","111","207","86","102","203","312","268","268"
"mixture",NA,"Mix","Mix.20 ","113","133","248","292","207","222",NA,NA,"236","252","140","140","179","187","103","123","96","106","235","247","268","272"
"mixture",NA,"Mix","Mix.21 ","77","97","228","244","211","222","154","211","232","281","149","177","226","246","169","224","88","94","179","267","256","264"
"mixture",NA,"Mix","Mix.22 ","97","142","244","252","222","253","158","166","248","285","157","190","222","282","100","123","96","106","207","279","268","272"
"mixture",NA,"Mix","Mix.23 ","85","85","244","268","203","245","162","166","240","248","127","181","218","222","127","140","92","102","179","179","272","295"
"mixture",NA,"Mix","Mix.24 ","113","121","268","280","214","289","158","158","244","273","132","210","214","218","111","188","96","102","176","259","264","268"
"mixture",NA,"Mix","Mix.25 ","101","109","256","272","218","218","129","129","224","277","136","169","202","294","103","103","96","106","183","287","268","319"
"mixture",NA,"Mix","Mix.26 ","85","105","228","228","199","211","133","166","244","273","149","181","210","230","115","207","90","106","172","259","256","276"
"mixture",NA,"Mix","Mix.27 ","97","129","220","280","211","226","183","199","236","252","173","185","179","226","177","228","98","106","176","263","268","268"
"mixture",NA,"Mix","Mix.28 ","109","121","236","316","226","329","133","223","240","252","157","202","222","230","148","216","90","96","168","183","272","291"
"mixture",NA,"Mix","Mix.29 ","85","101","256","312","214","222",NA,NA,NA,NA,"127","165","214","222","107","184","96","96","199","227","272","280"
"mixture",NA,"Mix","Mix.30 ","97","133","204","280","222","253","158","166","265","269","169","198","202","222","115","160","106","107","172","172","268","276"
"mixture",NA,"Mix","Mix.31 ","129","154","268","296","218","245","129","215","232","244","136","194","210","210","152","181","84","102","179","267","264","303"
"mixture",NA,"Mix","Mix.32 ","81","85","248","280","211","249","162","162","240","256","132","181","210","222","184","188","96","106","179","183","264","284"
"mixture",NA,"Mix","Mix.33 ","121","146","248","296",NA,NA,"129","259","236","265","194","206","194","194","107","188","96","106","187","211","252","291"
"mixture",NA,"Mix","Mix.34 ","97","109","216","220","218","253","178","231","244","252","145","165","214","226","103","107","106","106","176","203","264","284"
"mixture",NA,"Mix","Mix.35 ","101","150","268","276","222","233","158","166","232","236","161","190","202","210","100","173","94","106","251","279","268","280"
"mixture",NA,"Mix","Mix.36 ","117","154","224","304","214","222","129","141","232","281","157","157","198","254","203","251","92","102","195","324","272","291"
"mixture",NA,"Mix","Mix.37 ","101","121","220","264","207","249","133","154","260","260","181","185","194","270","181","259","88","102","183","235","264","291"
"mixture",NA,"Mix","Mix.38 ","85","101","240","248","226","245","133","133","248","248","140","202","198","226","184","216","100","107","172","207","264","291"
"mixture",NA,"Mix","Mix.39 ","117","133","252","300","199","226","129","141","281","293","181","181","194","298","92","131","88","100","203","207","260","264"
"mixture",NA,"Mix","Mix.40 ","113","121","280","304","249","261","129","129","248","277","190","194","222","230","96","103","96","96","199","199","268","291"
"mixture",NA,"Mix","Mix.41 ","129","133","248","252","261","261","129","191","244","281","157","190","218","266","103","224","92","123","191","195","264","303"
"mixture",NA,"Mix","Mix.42 ","85","105","212","320","237","277","133","133","256","273","165","190","202","210","100","216","96","111","172","283","260","268"
"mixture",NA,"Mix","Mix.43 ","85","101","244","260","203","218","158","227","269","285","145","161","198","242","165","196","86","104","211","291","268","268"
"mixture",NA,"Mix","Mix.44 ","85","85","268","284","211","218","158","174","240","256","153","190","198","226","200","203","96","107","179","179","276","276"
"mixture",NA,"Mix","Mix.45 ","105","109","244","264","203","245","150","162","252","260","153","153","179","194","103","131","86","94","203","307","264","272"
"mixture",NA,"Mix","Mix.46 ","85","105","264","268","222","261","129","178","236","265","140","202","226","238","192","207","88","106","231","235","276","284"
"mixture",NA,"Mix","Mix.47 ","97","121","244","280","199","241","154","162","244","260","127","194","218","242","111","144","86","107","187","231","268","276"
"mixture",NA,"Mix","Mix.48 ","97","154","248","272","222","253","162","195","244","269","145","173","222","230","127","177","102","106","168","259","260","268"
"mixture",NA,"Mix","Mix.49 ","97","109","260","284","214","222","154","178","248","248","149","194","218","262","107","200","100","106","168","199","295","303"
"mixture",NA,"Mix","Mix.50 ","113","113","300","328","211","214","154","158","236","248","145","194","206","218","115","160","106","107","179","227","272","272"
"mixture",NA,"Mix","Mix.51 ","93","121","220","272","241","253","129","137","248","252","218","234","198","230","100","177","92","98","168","207","268","268"
"mixture",NA,"Mix","Mix.52 ","81","101","276","280","249","261","158","170","260","314","181","202","202","218","96","181","96","96","164","199","272","272"
"mixture",NA,"Mix","Mix.53 ","101","113","248","284","245","261","129","183","252","256","165","230","198","218","119","169","96","104","199","295","268","276"
"mixture",NA,"Mix","Mix.54 ","85","109","212","228","211","261","129","133","240","260","132","132","198","378","100","173","106","106","235","242","268","272"
"mixture",NA,"Mix","Mix.55 ","101","129","256","272","245","261","129","141","240","256","165","181","218","222","177","231","90","106","172","295","264","264"
"mixture",NA,"Mix","Mix.56 ","81","117","252","296","233","257","158","158","240","240","123","157","226","266","127","216","90","96","176","263","268","284"
"mixture",NA,"Mix","Mix.57 ","109","133","228","276","230","261","129","178","200","248","153","165","214","214","115","196","88","88","168","183","268","272"
"mixture",NA,"Mix","Mix.58 ","97","121","292","300","207","214","129","166","236","252","132","157","234","266","96","184","92","96","191","275","268","268"
"mixture",NA,"Mix","Mix.59 ","129","129","204","204","237","241","137","154","265","265","190","214","198","234","111","173","98","106","179","207","276","284"
"mixture",NA,"Mix","Mix.60 ","101","105","240","244","214","253","207","207","240","240","169","177","230","242","123","131","106","113","183","187","272","291"
"mixture",NA,"Mix","Mix.61 ","129","133","280","292","245","265","129","207","236","252","127","132","250","382","181","184","96","109","199","242","280","295"
"mixture",NA,"Mix","Mix.62 ",NA,NA,"256","272","218","222",NA,NA,"265","281","157","173","198","206","148","165",NA,NA,"172","203","264","295"
"mixture",NA,"Mix","Mix.63 ","85","97","300","308","214","230","129","231","248","248","127","198","218","246","115","203","96","106","179","299","276","284"
"mixture",NA,"Mix","Mix.64 ","93","125","256","256","226","230","133","231","236","236","165","181","179","187","173","196","86","96","207","307","268","288"
"mixture",NA,"Mix","Mix.65 ","85","97","284","308","222","226",NA,NA,"248","252","177","202","206","226","111","152","86","107","235","324","260","272"
"mixture",NA,"Mix","Mix.66 ","85","89","276","284","203","222","133","158","236","248","173","210","218","230","107","111","94","96","168","172","276","276"
"mixture",NA,"Mix","Mix.67 ","105","117","268","296","226","226",NA,NA,"248","269","173","218","202","226","115","203","86","86","211","263","264","264"
"mixture",NA,"Mix","Mix.68 ","105","105","193","216","233","253","129","141","236","244","181","202","194","194","115","144","102","109","195","207","268","268"
"mixture",NA,"Mix","Mix.69 ","101","113","224","284","257","273","154","191","256","277","127","173","218","218","177","220","102","109","176","176","268","276"
"mixture",NA,"Mix","Mix.70 ","85","97","232","276","261","269","187","199","252","273","127","173","226","234","111","181","96","96","183","191","264","268"
"mixture",NA,"Mix","Mix.71 ","117","162","256","288","218","237","129","129","232","269","161","210","218","266","181","235","96","104","238","238","260","272"
"mixture",NA,"Mix","Mix.72 ","97","125","228","296","214","277","129","178","240","260","132","149","210","262","119","184","96","96","263","291","256","280"
"mixture",NA,"Mix","Mix.73 ","113","117","280","292","237","249","154","166","252","269","185","218","194","242","119","169","92","102","172","275","260","260"
"mixture",NA,"Mix","Mix.74 ","97","121","260","312","199","245","129","170","236","236","136","153","202","230","184","200","86","96","211","247","264","276"
"mixture",NA,"Mix","Mix.75 ","113","146","212","284","241","285","146","150","256","265","161","185","214","214","111","231","86","96","172","199","268","268"
"mixture",NA,"Mix","Mix.76 ","85","133","248","280","214","214","154","162","224","248","140","165","194","206","115","127","106","106","172","187","264","268"
"mixture",NA,"Mix","Mix.77 ","85","93","244","308","222","222","129","154","224","240","132","202","194","206","100","111","92","96","199","227","260","264"
"mixture",NA,"Mix","Mix.78 ","89","105","260","288","214","249",NA,NA,NA,NA,"136","149","187","206","177","188","96","106","179","263","264","284"
"mixture",NA,"Mix","Mix.79 ","85","113","216","260","249","249","133","158","260","281","127","169","222","226","111","156","96","106","168","183","260","264"
"mixture",NA,"Mix","Mix.80 ","85","93","232","284","233","257","129","162","248","260","127","198","214","230","177","177","106","106","168","179","272","276"
"mixture",NA,"Mix","Mix.81 ","109","117","232","312","222","226","129","162","260","269","140","214","179","230","119","119","86","102","179","291","264","264"
"mixture",NA,"Mix","Mix.82 ","105","142","252","296","222","226",NA,NA,"248","260","145","181","226","274","103","156","86","96","227","316","272","299"
"mixture",NA,"Mix","Mix.83 ","105","109","220","304","211","214","154","162","252","269","127","173","202","226","177","188","98","106","255","255","256","264"
"mixture",NA,"Mix","Mix.84 ","85","89","224","232","207","226","166","251","244","265","169","169","191","202","103","111","102","104","199","263","260","272"
"mixture",NA,"Mix","Mix.85 ","85","105","228","236","196","222","129","166","244","265","149","173","214","218","115","196","90","102","176","287","260","268"
"mixture",NA,"Mix","Mix.86 ","85","109","228","284","211","218","133","170","260","265","149","153","206","230","92","224","86","106","183","191","260","272"
"mixture",NA,"Mix","Mix.87 ","101","113","288","300","218","277","215","235","252","269","169","198","214","218","111","152","96","107","172","179","264","272"
"mixture",NA,"Mix","Mix.88 ","85","113","252","264","218","233","211","251","244","256","149","153","194","218","115","228","102","107","195","203","260","264"
"mixture",NA,"Mix","Mix.89 ","97","117","228","288","253","281","129","195","252","252","185","185","218","258","123","267","88","102","172","191","264","276"
"mixture",NA,"Mix","Mix.90 ","101","125","284","284","192","261","129","137","273","293","136","202","218","250","119","235","102","106","160","164","264","315"
"mixture",NA,"Mix","Mix.91 ","101","125","248","288","214","218","154","162","248","252","140","145","214","222","107","247","104","106","179","267","272","272"
"mixture",NA,"Mix","Mix.92 ","85","137","232","272","218","253","129","223","216","265","161","161","206","218","96","144","96","107","183","271","260","264"
"mixture",NA,"Mix","Mix.93 ","101","137","256","276","211","230","162","191","244","265","140","145","218","230","107","115","106","106","207","215","268","280"
"mixture",NA,"Mix","Mix.94 ","85","97","252","252","203","214","133","162","260","277","149","161","194","234","96","107","107","107","183","203","260","272"
"mixture",NA,"Mix","Mix.95 ","101","105","224","284","233","257","133","191","248","293","115","161","198","210","165","224","96","102","191","211","264","331"
"mixture",NA,"Mix","Mix.96 ","85","85","256","328","233","249","129","166","224","273","157","181","218","258","160","200","86","96","227","295","276","276"
"mixture",NA,"Mix","Mix.97 ","85","113","232","252","207","253","129","243","240","248","132","173","218","266","152","192","96","106","179","191","276","295"
"mixture",NA,"Mix","Mix.98 ","105","154","208","240","230","241","129","162","228","289","177","230","206","246","127","188","100","106","215","324","311","315"
"mixture",NA,"Mix","Mix.99 ","97","121","232","272","226","245","158","174","236","269","140","185","202","246","92","160","96","106","183","259","260","284"
"mixture",NA,"Mix","Mix.100 ","109","150","264","292","199","233","133","158","269","297","161","185","202","214","92","103","100","104","183","251","268","276"
"mixture",NA,"Mix","Mix.101 ","85","109","240","276","218","230","158","195","260","273","149","177","210","270","100","111","96","98","164","187","272","307"
"mixture",NA,"Mix","Mix.102 ","85","85","276","304","203","214","158","158","265","265","145","173","210","230","119","188","102","106","187","187","268","280"
"mixture",NA,"Mix","Mix.103 ","81","97","248","280","218","261","215","215","260","273","153","177","218","218","123","196","86","96","176","203","264","288"
"mixture",NA,"Mix","Mix.104 ","85","101","212","256","214","257","162","195","252","265","140","165","198","234","123","188","96","106","172","183","284","284"
"mixture",NA,"Mix","Mix.105 ","97","101","204","252","249","253","129","178","244","244","161","185","210","222","111","152","96","106","176","255","264","280"
"mixture",NA,"Mix","Mix.106 ","93","109","236","244","214","233","170","239","269","273","157","185","210","290","92","224","94","96","279","303","272","272"
"mixture",NA,"Mix","Mix.107 ","117","117","216","300","233","273","162","187","273","273","132","194","226","230","173","228","96","106","255","275","276","276"
"mixture",NA,"Mix","Mix.108 ","129","150","252","256","218","241","154","158","256","265","185","190","206","210","196","231","102","102","191","247","260","268"
"mixture",NA,"Mix","Mix.109 ","85","85","256","264","207","233","133","255","269","277","149","161","206","214","200","228","86","96","168","219","264","264"
"mixture",NA,"Mix","Mix.110 ","85","105","208","272","222","257","162","162","260","265","149","169","214","262","169","177","94","106","176","199","280","284"
"mixture",NA,"Mix","Mix.111 ","101","129","244","268","207","237","129","211","244","260","127","157","214","214","107","119","86","102","199","215","272","291"
"mixture",NA,"Mix","Mix.112 ","109","109","220","256","222","226","158","203","212","265","177","185","222","230","119","160","86","96","259","271","268","272"
"mixture",NA,"Mix","Mix.113 ","85","133","292","296","211","226","162","162","240","252","145","161","202","214","216","220","86","96","172","179",NA,NA
"mixture",NA,"Mix","Mix.114 ","81","105","276","284","218","230","133","166","256","269","153","173","214","254","115","196","86","86","219","299","264","276"
"mixture",NA,"Mix","Mix.115 ","85","101","268","300","214","237","170","183","216","248","157","157","202","226","115","196","86","94","279","299","260","264"
"mixture",NA,"Mix","Mix.116 ","101","109","220","224","226","237","133","158","236","256","145","194","194","202","96","212","96","106","179","251","260","268"
"mixture",NA,"Mix","Mix.117 ","105","105","236","248","203","218","129","154","256","256","123","153","250","250","103","212","100","113","179","271","264","264"
"mixture",NA,"Mix","Mix.118 ","109","113","264","268","226","253","129","154","228","240","140","173","194","218","177","188","92","106","172","283","260","280"
"mixture",NA,"Mix","Mix.119 ","85","101","260","292","214","226","154","199","240","265","157","161","214","218","173","192","94","106","227","251","272","284"
"mixture",NA,"Mix","Mix.120 ","97","129","268","316","230","233","129","154","248","273","145","161","202","226","181","203","96","102","179","179","264","272"
"mixture",NA,"Mix","Mix.121 ","81","85","272","288","211","222","158","158","277","301","136","157","214","238","239","239","86","94","203","299","272","291"
"mixture",NA,"Mix","Mix.122 ","85","109","224","272","199","233","154","215","273","285","132","157","202","206","107","188","102","102","183","187","264","268"
"mixture",NA,"Mix","Mix.123 ","97","101","236","268","196","199","215","219","248","297","149","153","230","238","196","207","96","96","203","207","264","276"
"mixture",NA,"Mix","Mix.124 ","85","150","240","280","211","211","129","174","204","240","181","198","198","222","119","148","96","104","168","231","276","276"
"mixture",NA,"Mix","Mix.125 ","121","150","256","300","218","257","162","207","244","260","153","169","206","230","212","255","96","102","195","235","260","276"
"mixture",NA,"Mix","Mix.126 ","121","125","292","304","207","233","154","154","244","269","173","194","210","210","127","169","92","106","183","183","268","288"
"mixture",NA,"Mix","Mix.127 ","117","117","280","288","214","226","166","203","220","277","165","198","222","222","115","196","86","86","267","271","272","276"
"mixture",NA,"Mix","Mix.128 ","97","109","312","328","218","226","158","219","273","281","136","173","194","230","115","207","86","96","176","183","268","268"
"mixture",NA,"Mix","Mix.129 ","81","109","264","268","214","230","129","162","240","277","149","194","206","238","123","192","100","102","179","259","268","276"
"mixture",NA,"Mix","Mix.130 ","105","113","276","292","218","226","133","207","252","265","157","194","210","230","107","224","102","102","187","287","272","280"
"mixture",NA,"Mix","Mix.131 ","85","85","288","292","218","230","174","211","248","260","149","149","230","270","196","203","86","94","207","227","264","272"
"mixture",NA,"Mix","Mix.132 ","93","113","252","268","214","230","154","162","252","256","136","140","202","250","100","181","106","106","172","195","264","288"
"mixture",NA,"Mix","Mix.133 ","89","105","240","288","218","257","174","219","244","252","145","210","218","270","184","184","96","106","156","183","268","336"
"mixture",NA,"Mix","Mix.134 ","113","121","280","284","214","218","215","239","240","269","136","149","206","206","144","196","86","96","251","263","264","272"
"mixture",NA,"Mix","Mix.135 ","81","81","288","320","218","222","215","280","248","256","157","190","179","214","100","203","86","86","283","408","268","272"
"mixture",NA,"Mix","Mix.136 ","105","117","240","264","218","237","129","129","248","248","132","132","210","250","111","200","96","96","255","259","264","268"
"mixture",NA,"Mix","Mix.137 ","117","133","236","260","214","241","166","227","240","248","153","194","230","246","177","181","106","109","172","176","272","291"
"mixture",NA,"Mix","Mix.138 ","105","109","296","312","218","226","150","154","232","252","136","202","210","238","111","192","86","86","179","287","268","272"
"mixture",NA,"Mix","Mix.139 ","105","125","248","248","230","257","166","174","228","256","127","140","194","258","103","119","92","96","211","263","252","260"
"mixture",NA,"Mix","Mix.140 ","89","117","252","280","233","245","129","129","256","285","173","173","179","218","115","212","86","86","219","307","268","272"
"mixture",NA,"Mix","Mix.141 ","113","117","248","276","241","281","158","239","248","252","149","153","194","222","103","184","96","106","172","187","264","268"
"mixture",NA,"Mix","Mix.142 ","97","154","228","288","214","218","166","231","232","248","145","161","210","222","135","181","102","107","179","255","268","276"
"mixture",NA,"Mix","Mix.143 ","85","109","208","232","218","237","146","247","265","277","165","173","206","246","100","115","92","92","172","259","260","268"
"mixture",NA,"Mix","Mix.144 ","81","89","296","308","218","226","129","158","232","252","169","173","206","222","156","192","86","100","187","238","276","299"
"mixture",NA,"Mix","Mix.145 ","97","105","236","296","214","257","154","158","252","269","127","136","214","218","107","184","106","106","176","283","264","280"
"mixture",NA,"Mix","Mix.146 ","105","133",NA,NA,"222","230","154","158","252","260","145","190","214","254","103","173","96","106","179","179","260","264"
"mixture",NA,"Mix","Mix.147 ","97","97","212","224","211","226","154","158","244","260","127","149","194","210","96","181","96","102","176","179","272","291"
