sample_type,repunit,collection,indiv,GTH2B550,GTH2B550,NOD1,NOD1,xKER137,xKER137,ARF,ARF,AsnRS72,AsnRS72,ETIF1A,ETIF1A,FARSLA220,FARSLA220,FGF6A,FGF6A,GH2,GH2,GPDH,GPDH,GPH318,GPH318,GST207,GST207,GST375,GST375,HGFA,HGFA,hnRNPL533,hnRNPL533,HSP90B100,HSP90B100,IGF191,IGF191,IK1328,IK1328,IL1RA,IL1RA,LEI292,LEI292,MHC1,MHC1,MHC2,MHC2,NRP,NRP,OPLW173,OPLW173,OPSW152,OPSW152,P450,P450,Prl2,Prl2,PrpI120,PrpI120,RFC2,RFC2,SClkF2,SClkF2,SERPC1209,SERPC1209,SL,SL,TAPBP,TAPBP,Tnsf,Tnsf,U200167,U200167,U211,U211,U212297,U212297,UNKN4150,UNKN4150,UNKN6187,UNKN6187,zP3b,zP3b,RAG3,RAG3,S71,S71,C3N3,C3N3
mixture,NA,Mix,Mix.1 ,1,2,1,1,1,1,2,2,1,1,1,2,2,2,2,2,1,1,2,2,1,1,1,1,1,1,1,1,2,2,1,1,1,1,1,2,2,2,2,2,2,2,2,2,2,2,2,2,1,2,1,2,1,2,1,1,1,1,2,2,2,2,1,2,1,1,2,2,2,2,1,1,2,2,2,2,1,1,1,1,1,2,1,2,1,NA
mixture,NA,Mix,Mix.2 ,2,2,1,2,1,2,2,2,1,1,1,2,1,1,2,2,1,1,1,2,1,1,1,1,1,1,1,1,1,1,2,2,1,1,2,2,2,2,2,2,2,2,1,1,2,2,1,2,1,1,1,2,1,1,1,1,1,2,1,1,2,2,2,2,1,1,NA,NA,2,2,1,2,2,2,1,2,1,2,1,1,1,1,1,1,1,NA
mixture,NA,Mix,Mix.3 ,2,2,2,2,1,2,2,2,1,1,1,2,1,1,1,1,1,1,2,2,1,2,1,2,1,1,1,1,1,1,2,2,1,1,2,2,1,1,2,2,1,1,1,1,2,2,1,2,1,1,2,2,1,2,1,1,NA,NA,1,1,2,2,2,2,1,1,1,1,1,1,2,2,2,2,2,2,1,1,1,1,1,1,1,2,1,NA
mixture,NA,Mix,Mix.4 ,2,2,2,2,1,2,2,2,1,2,1,2,1,1,1,1,1,1,2,2,1,1,1,1,1,1,1,1,1,1,1,2,1,1,2,2,1,1,2,2,1,1,2,2,2,2,2,2,1,2,1,1,1,2,1,1,NA,NA,1,1,2,2,2,2,1,1,1,1,1,1,2,2,1,2,2,2,1,1,1,1,1,2,1,2,1,NA
mixture,NA,Mix,Mix.5 ,1,2,1,2,1,2,2,2,1,1,1,2,1,2,2,2,1,1,2,2,1,1,1,1,1,1,1,1,2,2,1,1,1,2,1,2,1,1,2,2,2,2,2,2,2,2,2,2,1,1,2,2,1,1,1,1,NA,NA,2,2,2,2,2,2,1,1,2,2,2,2,1,1,2,2,2,2,1,1,1,1,2,2,1,2,1,NA
mixture,NA,Mix,Mix.6 ,1,1,1,2,1,1,2,2,1,1,1,2,1,2,2,2,1,2,2,2,1,2,1,1,1,1,1,1,2,2,1,2,1,1,2,2,2,2,2,2,1,2,2,2,2,2,1,2,1,2,2,2,1,1,1,1,NA,NA,1,1,2,2,1,1,1,1,2,2,2,2,1,1,2,2,2,2,1,1,1,1,2,2,1,1,1,NA
mixture,NA,Mix,Mix.7 ,2,2,2,2,1,1,2,2,2,2,1,2,1,2,1,1,1,1,2,2,1,1,1,1,1,1,1,1,1,1,2,2,1,1,2,2,1,1,2,2,1,2,1,2,2,2,1,2,1,2,1,1,1,2,1,1,NA,NA,1,2,2,2,2,2,1,1,1,2,1,1,2,2,2,2,1,2,1,1,1,1,1,2,1,1,1,NA
mixture,NA,Mix,Mix.8 ,1,1,2,2,2,2,2,2,1,1,1,1,1,2,1,1,2,2,2,2,1,1,1,1,1,2,1,1,2,2,1,2,1,2,2,2,2,2,2,2,1,2,2,2,2,2,2,2,1,1,1,2,1,2,1,1,NA,NA,1,1,2,2,1,1,1,1,1,2,1,2,1,2,1,2,2,2,1,1,1,1,2,2,2,2,1,NA
mixture,NA,Mix,Mix.9 ,1,1,2,2,1,2,2,2,1,1,1,1,2,2,1,2,1,2,2,2,1,1,1,1,1,1,1,1,1,2,2,2,1,1,2,2,1,2,2,2,2,2,2,2,2,2,2,2,1,1,2,2,1,2,1,1,NA,NA,1,1,2,2,1,1,1,1,2,2,1,2,1,1,2,2,2,2,1,1,1,1,2,2,1,1,1,NA
mixture,NA,Mix,Mix.10 ,2,2,2,2,2,2,2,2,1,1,2,2,1,2,1,1,1,1,2,2,1,1,1,1,1,1,1,1,1,1,1,2,1,1,2,2,1,2,2,2,1,2,2,2,2,2,1,2,2,2,1,1,1,1,1,1,NA,NA,1,1,NA,NA,2,2,1,1,1,1,2,2,2,2,2,2,2,2,2,2,1,1,1,1,2,2,2,NA
mixture,NA,Mix,Mix.11 ,2,2,1,1,1,1,2,2,1,2,1,1,2,2,1,2,1,1,2,2,1,1,1,1,1,1,1,1,2,2,1,1,2,2,2,2,1,1,2,2,1,1,1,1,2,2,2,2,2,2,1,2,1,1,1,1,1,1,1,2,2,2,1,1,1,1,1,2,2,2,1,1,2,2,2,2,1,1,1,1,2,2,1,2,1,NA
mixture,NA,Mix,Mix.12 ,1,2,1,1,1,2,2,2,1,2,1,1,2,2,1,2,1,2,2,2,1,1,1,2,1,1,1,1,1,2,1,1,1,1,2,2,1,2,2,2,1,1,2,2,2,2,2,2,1,2,2,2,1,2,1,1,1,1,1,1,2,2,1,2,1,2,2,2,2,2,1,2,2,2,2,2,1,2,1,1,1,2,1,1,1,NA
mixture,NA,Mix,Mix.13 ,2,2,2,2,1,2,2,2,1,1,2,2,1,2,1,1,1,1,2,2,2,2,1,1,1,1,1,1,1,1,2,2,1,1,2,2,1,2,2,2,1,2,1,2,2,2,2,2,1,2,2,2,2,2,1,1,1,2,1,1,2,2,2,2,1,1,1,2,1,2,2,2,2,2,1,1,1,1,1,1,1,2,1,1,1,NA
mixture,NA,Mix,Mix.14 ,1,2,1,1,1,2,2,2,1,1,1,2,2,2,1,2,1,1,2,2,1,1,1,1,1,1,1,1,1,2,1,1,1,2,2,2,1,2,2,2,2,2,2,2,2,2,2,2,1,2,2,2,1,1,1,1,1,1,2,2,2,2,1,2,1,1,2,2,2,2,1,1,2,2,2,2,1,1,1,1,1,2,1,1,1,NA
mixture,NA,Mix,Mix.15 ,1,2,1,2,1,2,2,2,1,1,1,1,1,1,1,1,1,1,1,2,1,1,1,1,1,1,1,1,1,2,2,2,1,1,2,2,1,2,2,2,1,2,1,1,2,2,NA,NA,1,2,2,2,2,2,1,1,1,1,1,1,2,2,2,2,1,1,2,2,1,2,2,2,2,2,1,1,1,1,1,1,1,1,1,2,1,NA
mixture,NA,Mix,Mix.16 ,2,2,NA,NA,2,2,2,2,1,1,2,2,1,2,1,1,1,1,2,2,1,2,1,1,1,1,1,1,NA,NA,NA,NA,1,1,2,2,2,2,2,2,1,2,1,1,2,2,1,2,1,1,NA,NA,2,2,1,1,2,2,2,2,2,2,2,2,1,1,1,2,1,1,2,2,NA,NA,1,2,1,1,1,1,1,2,2,2,1,NA
mixture,NA,Mix,Mix.17 ,1,2,2,2,2,2,2,2,1,1,1,2,1,2,1,1,1,1,2,2,1,1,1,1,1,1,1,1,1,2,2,2,1,1,2,2,1,2,2,2,1,2,1,2,2,2,1,2,1,2,1,2,1,2,1,1,1,2,2,2,2,2,2,2,1,1,1,2,1,2,2,2,2,2,1,1,1,1,1,1,1,2,1,2,1,NA
mixture,NA,Mix,Mix.18 ,1,1,1,2,1,2,2,2,1,1,1,2,1,2,1,1,1,2,2,2,1,1,1,1,1,1,1,1,1,2,1,1,1,1,2,2,1,2,2,2,1,1,2,2,2,2,2,2,1,2,2,2,2,2,1,1,1,1,2,2,2,2,1,2,1,1,2,2,2,2,1,1,2,2,2,2,1,2,1,1,1,1,1,2,1,NA
mixture,NA,Mix,Mix.19 ,2,2,1,2,2,2,2,2,1,2,1,1,1,1,1,1,1,1,2,2,1,2,1,1,1,1,1,1,1,1,2,2,1,1,2,2,1,2,2,2,1,1,1,2,2,2,2,2,1,1,2,2,1,2,1,1,1,2,1,2,2,2,2,2,1,1,1,2,1,1,2,2,2,2,2,2,1,1,1,1,1,2,2,2,1,NA
mixture,NA,Mix,Mix.20 ,1,2,2,2,1,1,2,2,2,2,1,2,2,2,1,2,1,1,2,2,1,2,1,1,1,1,1,1,2,2,1,1,1,1,2,2,2,2,2,2,1,2,1,1,2,2,2,2,2,2,1,2,1,2,1,1,1,2,2,2,2,2,1,1,1,1,1,2,2,2,1,1,2,2,2,2,1,1,1,1,2,2,1,1,2,NA
mixture,NA,Mix,Mix.21 ,1,2,2,2,1,1,2,2,1,1,2,2,1,1,1,2,1,1,1,2,1,1,1,1,1,1,1,1,1,2,1,2,1,1,2,2,2,2,2,2,1,1,1,2,2,2,1,2,2,2,1,1,1,1,1,1,1,1,1,2,2,2,2,2,1,1,1,1,1,2,1,2,2,2,2,2,1,1,1,1,1,1,1,2,1,NA
mixture,NA,Mix,Mix.22 ,1,1,1,1,1,1,2,2,1,2,2,2,1,2,1,2,1,1,2,2,1,1,1,1,1,1,1,1,2,2,1,1,1,1,2,2,1,2,2,2,1,2,2,2,2,2,2,2,1,2,2,2,1,2,1,1,1,1,2,2,2,2,1,1,1,1,1,2,2,2,2,2,2,2,2,2,1,1,1,1,1,1,1,1,1,NA
mixture,NA,Mix,Mix.23 ,2,2,1,1,2,2,2,2,1,1,2,2,1,2,1,1,1,1,2,2,1,1,1,1,1,1,1,1,1,1,2,2,1,1,2,2,1,2,2,2,1,2,1,2,2,2,1,2,2,2,1,2,1,2,1,1,2,2,1,1,2,2,2,2,1,1,1,2,1,2,2,2,2,2,2,2,1,2,1,1,1,2,1,1,1,NA
mixture,NA,Mix,Mix.24 ,2,2,2,2,1,1,2,2,1,2,2,2,1,2,2,2,1,1,2,2,1,1,1,1,1,1,1,1,1,1,2,2,1,1,2,2,2,2,2,2,2,2,1,1,2,2,2,2,1,2,2,2,2,2,1,1,1,1,1,2,2,2,2,2,1,1,1,2,2,2,2,2,2,2,1,2,1,1,1,1,1,2,1,2,1,NA
mixture,NA,Mix,Mix.25 ,2,2,1,2,1,1,2,2,1,1,1,1,2,2,1,2,1,1,1,2,1,1,1,1,1,1,1,1,2,2,1,1,1,1,2,2,1,2,2,2,2,2,2,2,2,2,2,2,1,2,1,2,1,1,1,1,1,1,2,2,2,2,1,2,1,1,2,2,2,2,1,2,2,2,2,2,1,1,1,1,2,2,2,2,1,NA
mixture,NA,Mix,Mix.26 ,1,2,1,1,1,1,2,2,1,2,1,1,2,2,2,2,1,1,2,2,1,2,1,1,1,1,1,1,2,2,1,1,1,2,1,2,1,2,2,2,1,2,2,2,2,2,2,2,1,2,2,2,1,1,1,1,1,1,2,2,2,2,1,2,1,1,2,2,2,2,1,1,2,2,1,2,1,1,1,1,2,2,1,1,1,NA
mixture,NA,Mix,Mix.27 ,2,2,2,2,2,2,2,2,1,1,2,2,1,1,1,1,1,1,2,2,1,1,1,1,1,1,1,1,2,2,2,2,1,1,2,2,2,2,1,2,2,2,2,2,2,2,2,2,1,1,1,1,1,1,1,1,1,1,1,1,2,2,2,2,1,1,2,2,2,2,2,2,1,2,2,2,1,1,1,1,1,1,1,2,2,NA
mixture,NA,Mix,Mix.28 ,1,2,2,2,2,2,2,2,1,2,1,2,1,1,1,1,1,1,2,2,1,1,1,1,1,1,1,1,1,1,2,2,1,1,2,2,2,2,2,2,1,2,1,1,2,2,2,2,1,1,2,2,2,2,1,1,1,2,1,1,2,2,2,2,1,1,1,2,2,2,2,2,2,2,1,2,1,1,1,1,1,1,1,2,1,NA
mixture,NA,Mix,Mix.29 ,1,2,1,2,1,2,2,2,1,1,2,2,2,2,1,1,1,1,1,2,1,1,1,1,1,1,1,1,1,1,1,2,1,1,2,2,1,2,2,2,2,2,1,2,2,2,1,2,1,1,1,2,1,2,1,1,1,2,1,1,2,2,2,2,1,1,1,1,2,2,2,2,2,2,1,2,1,1,1,1,1,1,1,2,1,NA
mixture,NA,Mix,Mix.30 ,1,2,1,2,1,1,2,2,1,1,1,1,2,2,1,2,1,1,2,2,1,1,1,1,1,1,1,1,2,2,1,1,1,2,2,2,1,2,2,2,1,2,2,2,2,2,2,2,1,1,2,2,1,2,1,1,1,1,2,2,1,2,1,1,1,1,2,2,1,2,1,1,2,2,2,2,1,2,1,1,2,2,1,2,1,NA
mixture,NA,Mix,Mix.31 ,2,2,2,2,1,1,2,2,1,1,1,1,1,2,2,2,1,1,1,2,1,1,1,1,1,1,1,1,1,1,2,2,1,1,2,2,1,2,2,2,1,2,1,1,2,2,2,2,1,2,2,2,1,1,1,1,1,2,1,1,2,2,2,2,1,1,1,1,1,2,1,2,2,2,2,2,1,1,1,1,1,1,1,2,1,NA
mixture,NA,Mix,Mix.32 ,1,2,2,2,2,2,2,2,1,2,1,1,2,2,2,2,1,1,2,2,1,1,1,1,1,1,1,1,2,2,2,2,1,2,2,2,2,2,2,2,1,2,2,2,2,2,2,2,1,1,2,2,1,1,1,1,1,1,1,1,2,2,1,1,1,1,1,1,1,2,1,1,2,2,2,2,1,1,1,1,2,2,1,2,1,NA
mixture,NA,Mix,Mix.33 ,1,2,1,1,1,1,2,2,1,2,1,1,1,2,2,2,1,1,2,2,1,1,1,1,1,1,1,1,1,2,2,2,1,2,2,2,1,2,2,2,1,1,2,2,2,2,2,2,2,2,1,2,1,1,1,1,1,1,2,2,1,2,1,1,1,2,1,2,2,2,1,2,2,2,2,2,1,1,1,1,2,2,1,1,1,NA
mixture,NA,Mix,Mix.34 ,1,1,1,1,1,1,2,2,1,1,1,2,2,2,1,2,1,2,2,2,1,1,1,1,1,1,1,1,2,2,1,1,1,2,2,2,1,2,2,2,2,2,2,2,2,2,1,2,2,2,2,2,2,2,1,1,1,1,2,2,2,2,1,2,1,2,2,2,2,2,1,1,2,2,2,2,1,1,1,1,2,2,1,1,1,NA
mixture,NA,Mix,Mix.35 ,2,2,2,2,1,1,2,2,2,2,1,1,2,2,2,2,1,1,2,2,1,1,1,1,1,1,1,1,1,2,1,1,1,2,2,2,1,1,2,2,1,2,2,2,2,2,2,2,1,1,1,2,2,2,1,1,1,1,1,1,2,2,1,1,1,1,1,2,2,2,1,1,2,2,2,2,1,1,1,1,2,2,1,2,1,NA
mixture,NA,Mix,Mix.36 ,1,2,2,2,1,1,2,2,1,1,2,2,1,1,1,2,1,2,2,2,1,1,1,1,1,1,1,1,1,2,1,1,2,2,2,2,1,2,2,2,2,2,1,2,2,2,2,2,2,2,1,2,1,2,1,1,1,1,1,2,2,2,1,1,1,1,2,2,1,2,1,1,2,2,2,2,1,1,1,1,2,2,2,2,1,NA
mixture,NA,Mix,Mix.37 ,2,2,2,2,1,2,2,2,1,1,1,1,2,2,1,1,1,1,2,2,1,2,1,1,1,1,1,1,2,2,1,1,1,1,2,2,1,2,2,2,1,1,1,2,2,2,2,2,1,1,1,2,1,1,1,1,1,1,1,2,2,2,1,1,1,1,1,2,2,2,1,2,2,2,2,2,1,1,1,1,1,2,1,2,2,NA
mixture,NA,Mix,Mix.38 ,1,1,2,2,1,2,2,2,1,1,1,1,2,2,1,1,1,1,2,2,1,1,1,1,1,1,1,1,2,2,1,2,1,1,2,2,2,2,2,2,1,2,2,2,2,2,2,2,1,1,1,1,1,1,1,1,1,1,1,2,2,2,1,1,2,2,2,2,1,2,1,1,2,2,2,2,1,1,1,1,1,1,1,2,2,NA
mixture,NA,Mix,Mix.39 ,2,2,1,2,1,1,2,2,1,2,2,2,1,2,1,1,1,1,2,2,1,1,1,1,1,1,1,1,1,2,2,2,1,1,2,2,2,2,2,2,2,2,2,2,2,2,2,2,2,2,1,2,2,2,1,1,1,1,1,1,2,2,1,2,1,1,1,2,1,2,2,2,2,2,1,2,1,1,1,1,2,2,1,2,2,NA
mixture,NA,Mix,Mix.40 ,1,2,2,2,1,2,2,2,1,2,2,2,2,2,1,2,1,1,2,2,1,2,1,1,1,1,1,1,1,2,1,1,1,2,1,2,1,2,2,2,1,2,1,1,2,2,2,2,2,2,1,2,1,2,1,1,1,1,2,2,2,2,1,1,1,1,2,2,1,2,1,2,2,2,2,2,1,2,1,1,2,2,1,1,2,NA
mixture,NA,Mix,Mix.41 ,1,2,2,2,2,2,2,2,1,2,1,1,2,2,1,1,1,2,2,2,1,1,1,1,1,1,1,1,2,2,1,2,1,1,2,2,1,2,2,2,1,2,2,2,2,2,1,2,1,2,2,2,2,2,1,1,1,1,1,2,NA,NA,1,2,1,2,1,1,2,2,1,1,2,2,2,2,1,1,1,1,1,2,2,2,1,NA
mixture,NA,Mix,Mix.42 ,2,2,1,2,1,1,2,2,1,1,1,1,1,1,2,2,1,1,2,2,1,1,1,1,1,1,1,1,1,2,1,1,1,2,2,2,2,2,2,2,2,2,2,2,2,2,2,2,1,1,2,2,2,2,NA,NA,1,1,1,2,2,2,1,2,1,1,1,1,2,2,1,1,2,2,1,2,1,1,1,1,2,2,1,1,1,NA
mixture,NA,Mix,Mix.43 ,1,2,1,2,1,2,2,2,1,1,1,2,NA,NA,1,1,1,2,2,2,1,1,1,1,1,1,1,1,1,1,1,2,2,2,2,2,1,2,2,2,1,1,2,2,2,2,2,2,1,1,1,1,1,2,1,1,1,1,1,2,2,2,1,2,NA,NA,2,2,2,2,1,1,1,2,2,2,1,1,1,1,1,1,1,2,1,NA
mixture,NA,Mix,Mix.44 ,2,2,1,1,2,2,2,2,1,2,1,2,1,2,1,1,1,1,2,2,1,1,1,1,1,1,1,1,1,2,2,2,1,1,2,2,2,2,2,2,1,2,1,2,1,2,1,2,1,2,1,2,1,2,1,1,1,2,1,1,2,2,2,2,1,1,1,2,1,2,2,2,1,1,1,2,1,1,1,1,1,2,2,2,1,NA
mixture,NA,Mix,Mix.45 ,2,2,1,1,2,2,2,2,1,1,2,2,2,2,1,1,1,1,2,2,1,1,1,1,1,1,1,1,1,2,2,2,1,1,2,2,2,2,2,2,1,2,1,2,2,2,1,2,1,2,1,1,1,1,1,1,1,2,1,1,2,2,2,2,1,2,1,1,1,1,2,2,2,2,2,2,1,2,1,1,1,2,1,2,1,NA
mixture,NA,Mix,Mix.46 ,1,2,1,2,2,2,2,2,1,1,1,2,1,2,1,1,1,1,2,2,1,2,1,1,1,1,1,1,1,2,2,2,1,1,2,2,1,2,2,2,1,1,1,2,2,2,2,2,1,1,1,2,1,2,1,1,1,1,1,2,2,2,2,2,1,1,1,2,1,2,2,2,2,2,2,2,1,1,1,1,1,1,1,2,1,NA
mixture,NA,Mix,Mix.47 ,2,2,1,2,1,2,2,2,1,1,1,1,1,1,1,1,1,1,2,2,1,1,1,1,1,1,1,1,1,2,1,2,1,1,2,2,1,2,2,2,2,2,2,2,2,2,2,2,1,1,2,2,1,2,1,1,1,1,1,1,2,2,1,2,1,2,2,2,1,2,1,2,2,2,2,2,1,1,1,1,1,1,1,2,2,NA
mixture,NA,Mix,Mix.48 ,2,2,1,1,1,2,2,2,1,2,1,2,2,2,1,1,1,1,2,2,1,1,1,1,1,1,1,1,2,2,1,2,1,1,2,2,1,2,2,2,1,1,2,2,2,2,1,2,1,1,1,2,1,1,1,1,1,2,2,2,2,2,2,2,1,1,1,2,1,1,2,2,2,2,1,2,1,1,1,1,1,2,2,2,1,NA
mixture,NA,Mix,Mix.49 ,2,2,1,2,1,1,2,2,1,2,2,2,2,2,1,2,1,1,2,2,1,1,1,1,1,1,1,1,1,2,2,2,1,1,2,2,2,2,2,2,1,1,1,2,2,2,1,2,2,2,1,2,2,2,1,2,2,2,2,2,2,2,2,2,1,1,1,2,1,1,2,2,2,2,1,2,1,1,1,1,1,1,1,2,2,NA
mixture,NA,Mix,Mix.50 ,2,2,2,2,2,2,2,2,1,2,2,2,2,2,1,1,1,1,1,2,1,2,1,1,1,1,1,1,1,1,1,2,1,1,2,2,2,2,2,2,1,2,2,2,2,2,2,2,1,2,1,1,1,1,1,1,1,1,1,2,2,2,1,1,1,1,2,2,2,2,2,2,2,2,2,2,1,1,1,1,1,1,1,2,2,NA
mixture,NA,Mix,Mix.51 ,1,1,1,1,1,1,2,2,1,1,1,2,2,2,1,1,1,2,2,2,1,1,1,1,1,1,1,1,1,2,1,1,1,2,1,1,1,2,2,2,1,2,2,2,2,2,2,2,1,2,1,2,1,2,1,1,1,1,1,2,2,2,1,2,1,1,2,2,2,2,1,1,1,2,2,2,1,1,1,1,2,2,2,2,1,NA
mixture,NA,Mix,Mix.52 ,2,2,2,2,2,2,2,2,1,1,1,2,1,1,2,2,1,1,2,2,1,1,2,2,1,1,1,1,1,2,2,2,1,1,2,2,1,2,2,2,2,2,1,2,2,2,1,2,1,2,1,1,2,2,1,1,1,2,1,1,2,2,2,2,1,1,1,2,1,1,2,2,2,2,1,2,1,1,1,1,1,1,1,2,2,NA
mixture,NA,Mix,Mix.53 ,2,2,1,1,2,2,2,2,1,2,1,1,2,2,1,2,1,1,2,2,1,2,1,1,1,1,1,1,2,2,1,1,2,2,2,2,2,2,2,2,1,1,1,2,2,2,2,2,1,2,1,2,1,1,1,1,1,2,1,2,2,2,2,2,1,1,1,2,1,2,1,1,2,2,2,2,1,2,1,1,1,2,1,1,1,NA
mixture,NA,Mix,Mix.54 ,1,2,2,2,1,2,2,2,1,1,2,2,2,2,2,2,1,2,2,2,1,2,1,1,1,1,1,1,2,2,1,1,1,2,2,2,1,2,2,2,2,2,2,2,2,2,2,2,2,2,1,2,1,1,1,1,1,2,2,2,2,2,1,1,1,2,1,1,1,2,1,2,2,2,1,2,1,1,1,1,1,1,1,2,1,NA
mixture,NA,Mix,Mix.55 ,1,1,1,1,1,2,2,2,1,2,1,2,1,1,1,1,1,1,2,2,1,1,1,2,1,1,1,1,1,1,2,2,1,1,2,2,2,2,2,2,2,2,2,2,2,2,1,2,1,1,1,2,1,2,1,1,1,1,1,2,2,2,2,2,1,1,1,2,1,1,2,2,2,2,2,2,1,1,1,1,1,1,2,2,1,NA
mixture,NA,Mix,Mix.56 ,1,1,1,1,1,1,2,2,1,1,1,1,1,2,2,2,1,1,2,2,1,1,1,1,1,1,1,1,2,2,1,1,2,2,2,2,1,2,2,2,1,2,2,2,2,2,2,2,1,2,2,2,1,1,1,1,1,1,1,2,2,2,1,2,1,2,2,2,2,2,1,1,2,2,2,2,1,1,1,1,2,2,1,1,1,NA
mixture,NA,Mix,Mix.57 ,2,2,2,2,1,1,2,2,1,2,1,2,2,2,2,2,1,1,2,2,1,1,1,1,1,1,1,1,2,2,1,1,1,1,2,2,2,2,2,2,1,1,1,2,2,2,2,2,1,2,1,2,2,2,1,1,1,1,2,2,2,2,1,1,1,1,2,2,1,2,1,1,2,2,2,2,1,1,1,1,2,2,1,1,1,NA
mixture,NA,Mix,Mix.58 ,1,2,1,1,1,1,2,2,1,2,2,2,1,2,2,2,1,1,2,2,1,1,1,1,1,1,1,1,2,2,1,1,1,2,2,2,2,2,1,2,1,2,2,2,2,2,2,2,1,1,2,2,1,1,1,1,1,1,2,2,2,2,1,1,2,2,2,2,2,2,1,1,2,2,2,2,1,1,1,2,2,2,1,1,1,NA
mixture,NA,Mix,Mix.59 ,1,1,2,2,1,1,2,2,1,1,1,2,2,2,2,2,1,2,1,2,1,1,1,1,1,1,1,1,1,1,1,1,2,2,2,2,1,2,2,2,1,1,2,2,2,2,2,2,1,2,2,2,1,2,1,1,1,1,2,2,2,2,1,1,1,2,2,2,2,2,1,1,2,2,2,2,1,1,1,1,1,2,1,1,1,NA
mixture,NA,Mix,Mix.60 ,2,2,1,2,1,1,2,2,1,2,1,2,2,2,2,2,1,2,2,2,1,1,1,1,1,1,1,1,2,2,1,1,1,2,2,2,1,2,2,2,1,2,2,2,2,2,2,2,1,2,2,2,2,2,1,1,1,1,2,2,2,2,1,2,1,1,1,2,2,2,1,1,1,2,1,2,1,1,1,1,2,2,1,1,1,NA
mixture,NA,Mix,Mix.61 ,2,2,2,2,1,1,2,2,1,1,1,1,1,2,1,1,1,1,2,2,1,1,1,1,1,1,1,1,1,1,2,2,1,1,2,2,1,2,2,2,2,2,2,2,2,2,2,2,1,1,1,2,1,1,1,1,1,2,1,2,2,2,1,2,1,1,1,1,1,2,1,1,2,2,1,2,1,1,1,1,1,1,1,2,2,NA
mixture,NA,Mix,Mix.62 ,1,1,1,2,1,1,2,2,1,2,1,2,1,1,1,1,1,1,2,2,1,1,1,1,1,1,1,1,1,2,1,2,1,2,2,2,1,2,2,2,1,2,2,2,2,2,2,2,1,1,2,2,1,2,1,1,1,1,2,2,2,2,1,2,1,1,2,2,1,2,1,1,2,2,2,2,1,2,1,1,2,2,1,1,2,NA
mixture,NA,Mix,Mix.63 ,2,2,2,2,1,2,2,2,1,2,2,2,1,1,1,2,1,1,2,2,2,2,1,1,1,1,1,1,1,1,2,2,1,1,2,2,2,2,2,2,1,2,2,2,2,2,2,2,1,2,1,1,1,1,1,1,1,1,1,2,2,2,2,2,1,1,1,2,2,2,2,2,2,2,2,2,1,1,1,1,1,1,1,2,1,NA
mixture,NA,Mix,Mix.64 ,2,2,1,2,1,1,2,2,1,1,1,2,1,1,1,2,1,1,2,2,1,1,1,1,1,1,1,1,1,1,2,2,1,1,2,2,2,2,2,2,2,2,1,2,2,2,1,2,1,2,1,2,2,2,1,1,1,2,1,1,2,2,2,2,1,1,1,2,1,2,1,2,2,2,2,2,1,1,1,1,2,2,1,1,1,NA
mixture,NA,Mix,Mix.65 ,2,2,2,2,1,1,2,2,1,2,2,2,1,2,1,1,1,1,2,2,1,2,1,1,1,1,1,1,1,1,2,2,1,1,2,2,1,1,2,2,NA,NA,1,2,2,2,1,2,1,1,2,2,1,1,1,1,1,1,1,1,2,2,2,2,1,1,1,2,1,2,1,2,1,2,2,2,1,1,1,1,1,1,2,2,1,NA
mixture,NA,Mix,Mix.66 ,2,2,2,2,2,2,1,2,1,2,1,2,1,2,1,1,1,1,2,2,1,1,1,1,1,1,1,1,1,2,1,2,1,1,2,2,1,2,2,2,1,2,2,2,2,2,2,2,1,2,1,1,1,1,1,1,NA,NA,1,2,2,2,2,2,1,1,1,2,1,2,2,2,1,2,2,2,1,1,1,1,1,1,2,2,2,NA
mixture,NA,Mix,Mix.67 ,1,1,1,1,2,2,2,2,2,2,1,2,2,2,1,1,1,2,1,2,1,1,1,1,1,1,1,1,2,2,1,1,2,2,1,2,1,2,2,2,1,2,2,2,2,2,2,2,1,1,1,2,1,1,1,1,NA,NA,1,1,2,2,1,1,1,2,2,2,2,2,1,1,2,2,2,2,1,1,1,1,2,2,1,1,1,NA
mixture,NA,Mix,Mix.68 ,1,2,1,1,2,2,2,2,1,2,2,2,1,2,1,1,1,1,2,2,1,1,1,1,1,1,1,1,1,1,2,2,1,1,2,2,2,2,2,2,1,1,2,2,2,2,1,2,1,1,1,1,1,1,1,1,NA,NA,1,1,2,2,2,2,1,1,1,2,1,2,2,2,2,2,2,2,1,1,1,1,1,1,2,2,2,NA
mixture,NA,Mix,Mix.69 ,1,2,2,2,1,2,2,2,1,1,1,1,1,2,1,1,1,1,2,2,1,1,1,1,1,1,1,1,1,1,2,2,1,1,2,2,2,2,2,2,1,2,1,2,2,2,1,1,1,2,1,2,1,2,1,1,NA,NA,1,1,2,2,2,2,1,1,1,1,1,1,2,2,2,2,1,2,1,1,1,1,1,1,2,2,1,NA
mixture,NA,Mix,Mix.70 ,2,2,2,2,1,1,2,2,1,1,1,2,1,1,1,1,1,1,2,2,1,1,1,1,1,1,1,1,1,1,1,2,1,1,2,2,1,2,2,2,1,2,1,2,2,2,1,2,1,1,1,1,1,1,1,1,NA,NA,2,2,2,2,2,2,1,1,1,2,1,2,2,2,2,2,2,2,1,1,1,1,1,1,2,2,2,NA
mixture,NA,Mix,Mix.71 ,2,2,2,2,1,2,2,2,1,1,2,2,1,1,1,1,1,1,2,2,1,2,1,1,1,1,1,1,1,1,2,2,1,1,2,2,1,2,2,2,2,2,1,2,2,2,2,2,1,2,1,2,1,1,1,1,NA,NA,1,2,2,2,2,2,1,1,1,1,1,2,2,2,2,2,2,2,1,1,1,1,1,1,1,2,1,NA
mixture,NA,Mix,Mix.72 ,1,2,2,2,1,2,2,2,1,1,1,1,2,2,2,2,1,1,2,2,1,1,1,1,1,1,1,1,2,2,1,1,1,2,2,2,2,2,2,2,2,2,2,2,2,2,2,2,1,2,2,2,1,2,1,1,NA,NA,1,2,1,2,1,1,1,2,2,2,2,2,1,1,2,2,2,2,1,1,1,1,2,2,1,1,1,NA
mixture,NA,Mix,Mix.73 ,1,2,2,2,1,2,2,2,1,2,1,1,1,2,1,2,1,1,2,2,1,2,1,1,1,1,1,1,1,1,2,2,1,1,2,2,2,2,2,2,1,2,1,1,2,2,2,2,1,2,1,2,2,2,1,1,NA,NA,1,1,2,2,2,2,1,1,1,2,1,2,1,2,2,2,1,2,1,1,1,1,1,1,1,1,2,NA
mixture,NA,Mix,Mix.74 ,1,2,2,2,2,2,2,2,1,1,1,1,1,2,2,2,1,1,2,2,1,2,1,1,1,1,1,1,1,1,2,2,1,1,2,2,1,1,2,2,2,2,1,2,2,2,2,2,1,2,1,2,1,2,1,1,NA,NA,1,1,2,2,2,2,1,1,1,2,1,2,2,2,2,2,2,2,1,1,1,1,1,1,1,2,1,NA
mixture,NA,Mix,Mix.75 ,2,2,2,2,1,1,2,2,1,2,2,2,1,1,1,1,1,1,2,2,1,1,1,1,1,1,1,1,1,2,2,2,1,1,2,2,1,2,2,2,1,2,1,1,2,2,2,2,1,1,2,2,1,1,1,1,NA,NA,1,1,2,2,2,2,1,1,1,2,1,2,2,2,2,2,2,2,1,1,1,1,1,1,1,2,1,NA
mixture,NA,Mix,Mix.76 ,1,1,1,1,1,2,2,2,1,1,1,2,2,2,1,2,1,1,2,2,1,1,1,1,1,1,1,1,1,2,1,1,1,2,2,2,1,2,2,2,1,2,2,2,2,2,2,2,1,2,1,2,1,2,1,1,NA,NA,2,2,2,2,1,2,1,1,2,2,2,2,1,1,2,2,2,2,1,1,1,1,2,2,2,2,1,NA
mixture,NA,Mix,Mix.77 ,2,2,2,2,1,1,2,2,1,1,2,2,1,1,1,1,1,1,2,2,1,2,1,1,1,1,1,1,1,2,2,2,1,1,2,2,2,2,2,2,1,2,1,1,2,2,1,2,1,2,2,2,1,1,1,1,NA,NA,2,2,2,2,2,2,1,1,2,2,1,2,2,2,2,2,1,2,1,1,1,1,1,2,2,2,1,NA
mixture,NA,Mix,Mix.78 ,1,1,1,1,2,2,2,2,1,1,1,1,2,2,1,2,1,1,1,2,1,1,1,1,1,1,1,1,1,2,1,2,1,2,2,2,1,1,1,2,2,2,2,2,2,2,2,2,1,1,2,2,1,1,1,1,NA,NA,2,2,2,2,1,2,1,1,2,2,2,2,1,1,2,2,2,2,1,1,1,1,2,2,1,1,1,NA
mixture,NA,Mix,Mix.79 ,1,1,1,1,1,1,2,2,1,1,1,2,2,2,1,1,1,1,2,2,1,1,1,1,1,1,1,1,1,2,1,2,1,1,2,2,2,2,2,2,1,2,2,2,2,2,2,2,2,2,2,2,2,2,1,1,NA,NA,1,2,1,2,1,2,1,2,2,2,1,2,1,2,2,2,2,2,1,1,1,1,2,2,1,1,1,NA
mixture,NA,Mix,Mix.80 ,1,1,1,1,1,1,2,2,2,2,1,1,2,2,1,2,1,1,1,2,1,2,1,1,1,1,1,1,2,2,1,2,1,2,2,2,1,2,2,2,1,2,2,2,2,2,2,2,1,2,2,2,1,1,1,1,NA,NA,1,2,2,2,1,2,1,1,2,2,2,2,1,1,2,2,1,2,1,2,1,1,2,2,1,1,1,NA
mixture,NA,Mix,Mix.81 ,1,2,1,2,1,1,2,2,1,2,2,2,2,2,2,2,1,2,2,2,1,1,1,1,1,1,1,1,2,2,1,1,2,2,1,2,1,1,2,2,1,1,2,2,2,2,2,2,1,2,2,2,2,2,1,1,NA,NA,2,2,2,2,1,2,2,2,2,2,2,2,1,1,2,2,2,2,1,1,1,1,2,2,1,1,1,NA
mixture,NA,Mix,Mix.82 ,1,2,2,2,1,1,2,2,1,2,2,2,1,2,1,1,1,1,1,2,1,2,1,1,1,1,1,1,1,1,1,2,1,1,2,2,2,2,1,2,1,2,2,2,1,2,2,2,1,2,1,1,1,1,1,1,NA,NA,1,1,2,2,1,2,1,1,1,2,2,2,1,2,1,2,2,2,1,1,1,1,1,2,1,1,1,NA
mixture,NA,Mix,Mix.83 ,1,2,1,1,1,1,2,2,1,2,2,2,2,2,1,2,1,1,2,2,1,2,1,1,1,1,1,1,2,2,1,1,1,1,2,2,1,2,2,2,1,1,1,1,2,2,2,2,1,2,1,1,1,1,1,1,NA,NA,1,2,2,2,1,1,1,1,1,2,2,2,1,2,2,2,2,2,1,1,1,1,2,2,1,2,2,NA
mixture,NA,Mix,Mix.84 ,2,2,2,2,2,2,2,2,1,2,1,2,1,2,1,1,1,1,2,2,1,1,1,1,1,1,1,1,1,1,1,2,1,1,2,2,2,2,2,2,2,2,1,1,2,2,1,2,1,2,1,2,1,2,1,1,NA,NA,1,2,2,2,2,2,1,1,1,2,2,2,2,2,1,2,1,1,1,1,1,1,1,2,1,2,1,NA
mixture,NA,Mix,Mix.85 ,2,2,2,2,1,2,2,2,1,2,1,1,1,1,1,2,1,1,2,2,1,1,1,2,1,1,1,1,2,2,2,2,1,1,2,2,1,2,2,2,1,1,2,2,2,2,1,2,2,2,1,2,2,2,1,1,NA,NA,1,2,2,2,2,2,1,1,2,2,2,2,1,2,2,2,2,2,1,1,1,1,1,2,1,2,1,NA
mixture,NA,Mix,Mix.86 ,2,2,2,2,2,2,2,2,1,2,1,2,1,2,1,2,1,1,1,2,1,2,1,2,1,1,1,1,1,1,1,2,1,1,2,2,1,2,2,2,1,1,2,2,2,2,1,2,1,2,1,2,1,2,1,1,NA,NA,1,1,2,2,2,2,1,1,2,2,1,2,2,2,2,2,1,1,1,1,1,1,1,2,2,2,2,NA
mixture,NA,Mix,Mix.87 ,1,2,1,2,1,1,2,2,1,2,1,2,2,2,2,2,1,1,2,2,1,1,1,1,1,1,1,1,2,2,1,1,1,2,2,2,1,1,2,2,2,2,2,2,2,2,2,2,1,2,2,2,1,2,1,1,NA,NA,1,2,2,2,1,2,1,2,1,2,2,2,1,2,1,2,1,2,1,1,1,1,1,2,1,1,1,NA
mixture,NA,Mix,Mix.88 ,1,1,1,1,2,2,2,2,2,2,1,1,1,2,1,1,1,1,2,2,1,1,1,1,1,1,1,1,2,2,1,1,1,2,2,2,1,2,2,2,1,1,2,2,2,2,2,2,1,2,1,2,1,2,1,1,NA,NA,1,2,2,2,1,2,1,2,1,1,2,2,1,2,2,2,2,2,1,1,1,1,1,2,1,2,2,NA
mixture,NA,Mix,Mix.89 ,1,2,2,2,1,2,2,2,1,1,1,2,1,2,1,1,1,1,2,2,1,2,1,1,1,1,1,1,1,1,2,2,1,1,2,2,2,2,2,2,1,2,1,1,2,2,1,1,1,2,1,2,1,1,1,1,NA,NA,1,1,2,2,2,2,1,1,1,2,1,1,2,2,1,2,2,2,1,1,1,1,1,1,1,2,1,NA
mixture,NA,Mix,Mix.90 ,2,2,1,2,1,2,2,2,1,1,2,2,2,2,1,1,1,1,2,2,1,1,1,2,1,1,1,1,1,2,2,2,1,1,2,2,2,2,2,2,1,2,1,1,2,2,1,1,1,2,2,2,1,2,1,1,NA,NA,1,1,2,2,2,2,1,1,1,2,1,1,1,2,1,2,2,2,1,1,1,1,1,1,1,1,1,NA
mixture,NA,Mix,Mix.91 ,2,2,1,2,1,2,2,2,1,1,2,2,1,2,1,1,1,1,2,2,1,2,1,1,1,1,1,1,1,2,1,2,1,1,2,2,1,1,2,2,2,2,1,1,2,2,2,2,1,1,2,2,1,1,1,1,NA,NA,1,2,2,2,2,2,1,2,1,1,1,1,2,2,2,2,1,2,1,1,1,1,1,1,2,2,1,NA
mixture,NA,Mix,Mix.92 ,1,2,2,2,2,2,2,2,1,2,2,2,2,2,1,1,1,1,2,2,1,1,1,1,1,1,1,1,1,2,1,1,1,1,1,2,2,2,2,2,1,1,1,1,2,2,2,2,1,2,1,1,2,2,1,1,NA,NA,1,1,2,2,1,2,1,1,1,1,1,2,1,2,1,2,2,2,1,1,1,1,1,1,1,2,2,NA
mixture,NA,Mix,Mix.93 ,1,1,1,2,1,1,2,2,1,2,1,1,2,2,1,2,1,2,2,2,1,1,1,1,1,1,1,1,1,2,1,1,1,2,2,2,1,2,2,2,1,2,2,2,2,2,2,2,1,1,2,2,1,2,1,1,NA,NA,1,1,2,2,2,2,1,1,2,2,2,2,1,1,2,2,2,2,1,1,1,1,1,2,1,1,1,NA
mixture,NA,Mix,Mix.94 ,1,1,2,2,1,1,2,2,1,2,2,2,2,2,1,2,1,1,2,2,1,1,1,1,1,1,1,1,2,2,1,1,1,2,2,2,2,2,2,2,2,2,2,2,2,2,2,2,1,1,2,2,2,2,1,1,NA,NA,1,2,2,2,1,2,1,2,2,2,2,2,1,1,2,2,2,2,1,1,1,1,2,2,1,1,1,NA
mixture,NA,Mix,Mix.95 ,2,2,2,2,2,2,2,2,1,1,2,2,1,1,1,1,1,1,2,2,1,1,1,1,1,1,1,1,1,2,2,2,1,1,2,2,2,2,2,2,1,2,2,2,2,2,2,2,1,2,1,2,1,2,1,1,NA,NA,1,1,2,2,1,2,2,2,1,1,1,2,1,2,2,2,1,2,1,1,1,1,1,1,1,2,2,NA
mixture,NA,Mix,Mix.96 ,2,2,2,2,2,2,2,2,1,2,1,1,1,1,1,1,1,1,2,2,1,1,1,1,1,1,1,1,1,2,1,2,1,1,2,2,2,2,2,2,1,1,2,2,2,2,2,2,2,2,1,1,1,1,1,1,NA,NA,1,1,2,2,2,2,1,2,1,2,1,2,2,2,1,2,2,2,1,1,1,1,1,1,1,2,2,NA
mixture,NA,Mix,Mix.97 ,2,2,2,2,1,2,2,2,2,2,1,1,1,2,1,1,1,1,2,2,1,2,1,2,1,1,1,1,1,2,2,2,1,1,2,2,1,2,2,2,1,1,1,1,2,2,1,1,1,1,1,1,1,1,1,1,NA,NA,1,1,2,2,2,2,1,1,1,2,1,2,2,2,2,2,2,2,1,1,1,1,1,1,1,1,1,NA
mixture,NA,Mix,Mix.98 ,2,2,1,2,1,2,1,2,1,2,1,2,1,1,1,1,1,1,2,2,1,1,1,1,1,1,1,1,1,1,2,2,1,1,2,2,2,2,2,2,1,2,1,2,2,2,2,2,1,2,1,1,1,1,1,1,NA,NA,1,1,2,2,1,2,1,2,1,1,1,2,1,2,2,2,2,2,1,1,1,1,1,1,1,1,2,NA
mixture,NA,Mix,Mix.99 ,1,2,2,2,1,2,2,2,1,1,2,2,1,1,1,1,1,1,2,2,1,1,1,1,1,1,1,1,1,1,1,2,1,1,2,2,1,2,2,2,2,2,1,2,2,2,2,2,1,2,1,2,1,2,1,1,NA,NA,2,2,2,2,2,2,1,1,1,2,1,1,2,2,2,2,2,2,1,1,1,1,1,1,2,2,1,NA
mixture,NA,Mix,Mix.100 ,1,2,1,2,1,2,2,2,1,1,2,2,2,2,1,2,1,1,2,2,1,1,1,1,1,1,1,1,2,2,1,1,1,2,2,2,2,2,2,2,1,2,1,2,2,2,2,2,1,1,2,2,1,2,1,1,NA,NA,1,2,2,2,1,1,1,1,2,2,2,2,1,1,2,2,1,2,1,1,1,1,2,2,1,1,1,NA
mixture,NA,Mix,Mix.101 ,1,2,1,1,2,2,2,2,1,1,1,2,1,1,1,1,1,1,2,2,1,2,1,1,1,1,1,1,2,2,1,1,1,2,2,2,1,2,2,2,1,1,1,2,2,2,2,2,1,2,1,1,1,2,1,1,NA,NA,2,2,2,2,2,2,1,1,2,2,1,2,1,1,1,2,2,2,1,1,1,1,1,2,2,2,2,NA
mixture,NA,Mix,Mix.102 ,1,2,2,2,1,1,2,2,1,2,1,1,2,2,1,2,1,2,2,2,1,1,1,1,1,1,1,1,1,2,1,1,2,2,2,2,1,2,2,2,1,1,2,2,2,2,2,2,1,2,1,2,1,2,1,1,NA,NA,1,2,2,2,1,1,1,2,1,1,2,2,1,1,2,2,2,2,1,1,1,1,1,2,1,1,1,NA
mixture,NA,Mix,Mix.103 ,1,2,2,2,1,1,2,2,1,2,2,2,2,2,1,2,1,1,2,2,1,2,1,1,1,1,1,1,2,2,1,2,1,1,2,2,2,2,2,2,2,2,1,2,2,2,2,2,1,2,1,1,1,1,1,2,NA,NA,2,2,2,2,2,2,1,2,2,2,2,2,2,2,2,2,2,2,1,2,1,1,1,2,1,2,2,NA
mixture,NA,Mix,Mix.104 ,1,2,1,2,1,1,2,2,1,2,1,1,2,2,1,2,1,1,2,2,1,2,1,1,1,1,1,1,2,2,1,1,1,1,1,2,1,2,2,2,1,2,1,1,2,2,2,2,1,1,1,1,1,1,2,2,NA,NA,1,1,2,2,1,1,1,1,1,2,2,2,1,1,1,2,2,2,1,2,1,1,2,2,1,2,2,NA
mixture,NA,Mix,Mix.105 ,1,2,1,1,1,1,2,2,1,2,1,2,2,2,2,2,1,1,1,2,1,1,1,1,1,1,1,1,1,2,1,1,2,2,1,2,2,2,2,2,2,2,2,2,2,2,2,2,1,2,2,2,1,2,1,1,NA,NA,1,1,2,2,2,2,1,1,2,2,2,2,1,1,1,2,1,2,1,1,1,1,2,2,1,1,1,NA
mixture,NA,Mix,Mix.106 ,1,1,2,2,1,1,2,2,1,1,1,1,2,2,2,2,1,2,2,2,1,2,1,1,1,1,1,1,1,2,1,2,1,1,2,2,1,1,2,2,1,2,2,2,2,2,1,2,1,2,2,2,1,2,1,1,NA,NA,1,2,1,2,1,2,1,2,1,2,2,2,1,1,2,2,2,2,1,2,1,1,2,2,1,2,1,NA
mixture,NA,Mix,Mix.107 ,2,2,1,2,1,2,2,2,1,2,1,2,1,1,1,1,1,1,2,2,1,1,1,1,1,1,1,1,1,1,2,2,1,1,2,2,1,2,2,2,2,2,1,1,2,2,1,2,1,1,2,2,1,1,1,1,NA,NA,1,1,2,2,2,2,1,1,1,1,1,1,1,2,2,2,2,2,1,1,1,1,1,1,1,2,1,NA
mixture,NA,Mix,Mix.108 ,1,2,2,2,1,1,2,2,1,2,1,1,1,2,2,2,1,1,2,2,1,2,1,1,1,1,1,1,2,2,1,1,1,1,1,2,1,2,2,2,1,2,2,2,2,2,2,2,1,1,2,2,1,2,1,1,NA,NA,1,2,1,2,1,2,1,1,2,2,2,2,1,1,2,2,2,2,1,2,1,1,2,2,1,1,1,NA
mixture,NA,Mix,Mix.109 ,2,2,1,2,1,2,2,2,1,1,1,2,1,2,1,2,1,1,2,2,1,2,1,2,1,1,1,1,1,1,1,2,1,1,2,2,1,2,2,2,2,2,1,1,2,2,1,1,1,2,2,2,1,2,1,1,NA,NA,1,1,2,2,2,2,1,1,2,2,1,2,2,2,2,2,1,2,1,1,1,1,1,1,1,2,1,NA
mixture,NA,Mix,Mix.110 ,2,2,2,2,1,1,2,2,1,2,1,2,1,2,1,2,2,2,2,2,1,2,1,1,1,1,1,1,2,2,1,1,1,2,2,2,2,2,2,2,2,2,2,2,2,2,2,2,1,2,2,2,1,2,1,1,NA,NA,1,2,2,2,1,2,2,2,2,2,1,2,1,1,2,2,2,2,1,1,1,1,1,1,1,1,1,NA
mixture,NA,Mix,Mix.111 ,1,2,1,2,1,1,2,2,1,1,2,2,2,2,1,1,1,1,2,2,1,1,2,2,1,1,1,1,1,2,1,2,1,2,2,2,1,2,2,2,2,2,2,2,2,2,2,2,1,2,2,2,2,2,1,1,NA,NA,1,2,1,2,1,2,1,2,2,2,2,2,1,1,2,2,1,1,1,1,1,1,2,2,1,1,1,NA
mixture,NA,Mix,Mix.112 ,1,1,1,2,1,1,2,2,1,1,1,2,1,1,2,2,1,1,2,2,1,1,1,2,1,1,1,1,2,2,2,2,2,2,2,2,1,1,2,2,2,2,2,2,2,2,1,2,1,1,2,2,1,1,1,1,NA,NA,2,2,2,2,1,1,1,1,2,2,2,2,1,1,2,2,1,2,1,1,1,1,1,2,1,1,1,NA
mixture,NA,Mix,Mix.113 ,2,2,1,2,1,1,2,2,1,2,1,2,1,1,1,2,1,1,2,2,1,1,1,1,1,1,1,1,1,1,2,2,1,1,2,2,1,1,2,2,1,2,1,2,2,2,1,1,1,2,1,1,1,2,1,1,NA,NA,2,2,2,2,2,2,1,2,2,2,1,2,2,2,2,2,1,2,1,1,1,1,1,2,2,2,1,NA
mixture,NA,Mix,Mix.114 ,1,1,1,2,1,2,2,2,1,2,1,2,2,2,2,2,1,2,2,2,1,2,1,1,1,1,1,1,2,2,1,2,1,2,2,2,1,2,2,2,1,1,2,2,2,2,2,2,1,1,2,2,1,2,1,1,NA,NA,1,2,2,2,1,1,1,1,1,2,2,2,1,1,2,2,2,2,1,1,1,1,2,2,1,1,1,NA
mixture,NA,Mix,Mix.115 ,1,2,1,2,1,2,2,2,1,1,1,2,1,2,1,1,1,1,1,1,1,1,1,1,1,1,1,1,1,1,2,2,1,1,2,2,2,2,2,2,1,1,1,2,2,2,1,1,1,1,1,2,1,2,1,2,NA,NA,1,1,2,2,2,2,1,1,1,2,2,2,2,2,2,2,2,2,1,1,1,1,1,2,1,2,2,NA
mixture,NA,Mix,Mix.116 ,2,2,2,2,1,1,2,2,1,1,1,2,2,2,1,1,1,1,2,2,1,1,1,1,1,1,1,1,1,1,1,2,1,1,2,2,1,2,2,2,2,2,1,2,2,2,1,1,1,1,1,1,1,1,1,1,NA,NA,2,2,2,2,2,2,1,1,2,2,1,2,2,2,2,2,2,2,1,1,1,1,1,2,1,2,1,NA
mixture,NA,Mix,Mix.117 ,1,1,1,2,1,2,2,2,1,1,1,1,2,2,2,2,1,1,1,2,1,1,1,1,1,1,1,1,1,2,1,2,1,2,2,2,2,2,2,2,1,2,2,2,2,2,2,2,1,2,2,2,1,1,1,1,NA,NA,2,2,2,2,1,2,1,2,2,2,2,2,1,2,2,2,2,2,1,1,1,1,2,2,1,1,1,NA
mixture,NA,Mix,Mix.118 ,1,2,2,2,2,2,2,2,1,2,1,2,2,2,1,1,1,1,2,2,1,1,1,1,1,1,1,1,1,2,1,1,1,1,2,2,2,2,1,2,1,2,1,1,2,2,2,2,1,1,1,1,1,1,1,1,NA,NA,1,1,2,2,1,2,1,1,1,2,2,2,1,1,2,2,2,2,1,1,1,1,2,2,1,2,1,NA
mixture,NA,Mix,Mix.119 ,1,2,2,2,1,2,2,2,1,1,2,2,1,1,1,1,1,1,1,2,1,1,1,1,1,1,1,1,1,1,2,2,1,1,2,2,2,2,2,2,1,1,2,2,2,2,NA,NA,1,1,NA,NA,1,2,1,1,1,1,2,2,2,2,2,2,1,1,1,2,1,2,2,2,1,2,2,2,1,2,1,1,1,1,1,1,1,NA
mixture,NA,Mix,Mix.120 ,1,2,2,2,1,2,2,2,1,1,1,2,2,2,1,2,1,1,2,2,1,2,1,1,1,1,1,1,1,1,2,2,1,1,2,2,1,2,2,2,1,1,1,2,2,2,1,1,1,2,1,2,1,1,1,1,1,2,1,2,2,2,2,2,1,1,2,2,2,2,2,2,2,2,2,2,NA,NA,1,1,NA,NA,1,2,1,NA
mixture,NA,Mix,Mix.121 ,2,2,2,2,1,1,2,2,1,2,2,2,2,2,2,2,1,1,1,2,1,1,1,1,1,1,1,1,2,2,1,1,1,2,2,2,2,2,2,2,1,2,1,2,2,2,2,2,1,2,NA,NA,2,2,1,1,1,1,NA,NA,2,2,1,2,1,1,2,2,1,2,1,1,2,2,2,2,1,1,1,1,2,2,2,2,1,NA
mixture,NA,Mix,Mix.122 ,2,2,1,1,1,2,2,2,1,2,1,1,2,2,1,1,1,1,2,2,1,1,1,1,1,1,1,1,NA,NA,1,2,1,1,2,2,1,2,2,2,1,1,1,2,2,2,2,2,1,2,1,1,1,1,1,1,NA,NA,1,2,2,2,2,2,1,1,1,2,2,2,2,2,2,2,1,2,1,1,1,1,1,2,2,2,1,NA
mixture,NA,Mix,Mix.123 ,2,2,2,2,2,2,2,2,1,2,2,2,1,2,1,1,1,1,2,2,1,1,1,1,1,1,1,1,1,1,2,2,1,1,2,2,2,2,2,2,1,2,1,1,2,2,1,2,1,1,1,2,1,2,1,1,NA,NA,1,2,NA,NA,2,2,1,1,1,2,2,2,1,1,2,2,2,2,1,1,1,1,1,2,2,2,1,NA
mixture,NA,Mix,Mix.124 ,1,2,1,2,1,1,2,2,1,1,1,2,2,2,1,1,1,1,2,2,1,1,1,1,1,1,1,1,2,2,1,1,1,1,2,2,2,2,2,2,2,2,2,2,2,2,2,2,1,1,2,2,NA,NA,1,1,NA,NA,1,2,2,2,1,1,1,2,2,2,2,2,1,1,2,2,1,2,1,1,1,1,2,2,1,1,1,NA
mixture,NA,Mix,Mix.125 ,1,2,1,2,1,2,2,2,1,1,1,2,1,1,1,1,1,1,2,2,1,2,1,1,1,1,1,1,1,2,2,2,1,1,NA,NA,2,2,2,2,2,2,1,1,2,2,1,2,2,2,2,2,1,1,1,1,NA,NA,1,2,2,2,2,2,1,1,1,1,2,2,2,2,2,2,2,2,1,1,1,1,1,2,1,2,1,NA
mixture,NA,Mix,Mix.126 ,2,2,2,2,1,1,2,2,1,1,1,2,1,1,1,1,1,1,2,2,1,1,1,1,1,1,1,1,1,1,2,2,1,1,2,2,1,2,2,2,1,1,1,1,NA,NA,NA,NA,1,1,2,2,1,1,1,1,1,1,1,1,2,2,2,2,1,1,2,2,1,2,2,2,2,2,2,2,1,1,1,1,NA,NA,2,2,1,NA
mixture,NA,Mix,Mix.127 ,1,1,NA,NA,1,1,2,2,NA,NA,1,2,1,2,1,2,1,1,2,2,1,1,1,1,1,1,1,1,2,2,1,1,1,2,2,2,1,2,2,2,1,2,2,2,2,2,2,2,1,1,1,2,1,2,1,1,1,1,NA,NA,2,2,1,1,1,1,2,2,2,2,1,1,2,2,2,2,1,1,1,1,2,2,1,1,1,NA
mixture,NA,Mix,Mix.128 ,2,2,NA,NA,1,1,2,2,1,2,NA,NA,2,2,2,2,1,1,2,2,2,2,1,1,1,1,1,1,2,2,NA,NA,1,1,2,2,1,2,2,2,2,2,1,2,2,2,2,2,2,2,2,2,NA,NA,1,1,NA,NA,1,2,2,2,1,1,1,1,1,1,2,2,NA,NA,2,2,NA,NA,1,1,1,1,2,2,1,2,2,NA
mixture,NA,Mix,Mix.129 ,1,2,NA,NA,1,1,2,2,NA,NA,1,1,2,2,2,2,1,2,2,2,1,1,1,1,1,1,1,1,NA,NA,1,1,1,2,2,2,NA,NA,2,2,1,2,1,2,2,2,2,2,1,2,2,2,2,2,1,1,NA,NA,1,1,1,2,1,2,1,1,2,2,2,2,NA,NA,2,2,2,2,1,1,1,1,NA,NA,2,2,1,NA
mixture,NA,Mix,Mix.130 ,1,1,1,2,1,1,2,2,1,1,1,2,2,2,2,2,1,2,2,2,1,1,1,1,1,1,1,1,2,2,1,1,1,2,2,2,2,2,2,2,2,2,2,2,2,2,2,2,1,1,1,2,2,2,1,1,1,1,1,2,1,2,1,2,1,1,2,2,2,2,1,2,2,2,2,2,1,2,1,2,2,2,1,1,1,NA
mixture,NA,Mix,Mix.131 ,1,2,2,2,1,1,2,2,1,1,1,2,1,1,2,2,1,1,2,2,1,1,1,1,1,1,1,1,1,2,1,1,1,2,1,2,2,2,2,2,2,2,2,2,2,2,2,2,1,1,2,2,1,1,1,1,1,1,1,2,1,2,1,1,1,2,1,2,1,2,1,2,2,2,1,2,1,1,1,1,1,2,1,1,1,NA
mixture,NA,Mix,Mix.132 ,1,2,1,1,1,1,2,2,1,1,1,1,1,2,2,2,1,1,2,2,1,1,1,1,1,1,1,1,2,2,1,1,1,1,2,2,1,2,2,2,1,2,2,2,2,2,2,2,1,2,2,2,1,2,1,1,1,1,1,2,2,2,1,2,1,2,2,2,2,2,1,1,2,2,2,2,1,2,1,1,2,2,1,1,1,NA
mixture,NA,Mix,Mix.133 ,2,2,2,2,1,1,2,2,1,2,1,1,1,1,1,1,1,1,2,2,1,1,1,1,1,1,1,1,1,2,1,2,1,1,2,2,1,2,2,2,1,2,2,2,2,2,2,2,2,2,1,1,1,2,1,1,1,1,2,2,2,2,2,2,1,1,1,2,1,2,2,2,2,2,1,2,1,2,1,1,1,1,1,1,1,NA
mixture,NA,Mix,Mix.134 ,1,2,2,2,1,1,2,2,2,2,1,2,2,2,2,2,1,1,2,2,1,2,1,2,1,1,1,1,2,2,1,1,1,2,2,2,2,2,2,2,1,1,1,1,1,2,2,2,1,2,2,2,1,2,1,1,1,1,1,2,2,2,1,2,2,2,2,2,2,2,1,1,2,2,2,2,1,1,1,1,2,2,1,2,1,NA
mixture,NA,Mix,Mix.135 ,2,2,2,2,1,1,2,2,1,2,1,1,2,2,1,2,1,2,2,2,1,1,1,1,1,1,1,1,2,2,1,1,1,2,2,2,1,2,2,2,1,2,1,2,2,2,2,2,1,1,1,2,2,2,1,1,1,1,1,2,2,2,1,2,1,1,2,2,1,2,1,1,2,2,2,2,2,2,1,1,2,2,1,2,1,NA
mixture,NA,Mix,Mix.136 ,1,2,2,2,1,1,2,2,1,1,2,2,1,2,1,2,1,1,2,2,1,1,1,1,1,1,1,1,1,2,2,2,1,1,2,2,2,2,2,2,2,2,2,2,2,2,2,2,1,2,1,1,2,2,1,1,1,2,1,1,2,2,2,2,1,1,1,2,1,2,2,2,2,2,1,2,1,1,1,1,1,1,2,2,2,NA
mixture,NA,Mix,Mix.137 ,2,2,2,2,2,2,2,2,1,2,1,1,1,1,1,1,1,1,2,2,1,2,1,1,1,1,1,1,1,1,2,2,1,1,2,2,2,2,2,2,1,2,1,1,2,2,1,1,1,2,2,2,1,2,1,1,1,2,1,1,2,2,2,2,1,1,2,2,1,2,2,2,2,2,2,2,1,1,1,1,1,2,2,2,1,NA
mixture,NA,Mix,Mix.138 ,1,1,1,1,1,1,2,2,1,1,1,2,2,2,1,1,1,2,2,2,1,1,1,1,1,1,1,1,1,2,1,1,2,2,2,2,1,2,2,2,1,2,2,2,2,2,1,2,1,2,1,2,1,2,1,1,1,1,2,2,2,2,1,1,1,1,2,2,2,2,1,1,2,2,2,2,1,1,1,1,1,2,1,1,1,NA
mixture,NA,Mix,Mix.139 ,2,2,1,2,1,2,2,2,1,2,1,2,1,2,1,1,1,1,2,2,1,1,1,1,1,1,1,1,2,2,2,2,1,1,2,2,1,2,2,2,2,2,1,2,2,2,2,2,1,2,1,2,1,1,1,2,1,2,1,2,2,2,1,2,1,1,1,1,2,2,2,2,2,2,2,2,1,1,1,1,1,2,1,1,2,NA
mixture,NA,Mix,Mix.140 ,1,1,1,2,1,2,2,2,1,2,1,1,1,2,1,1,1,1,2,2,1,1,1,1,1,1,1,1,1,2,2,2,1,1,2,2,2,2,2,2,1,2,1,2,2,2,2,2,1,2,1,2,1,2,1,1,1,2,1,2,2,2,2,2,1,1,2,2,1,2,1,2,2,2,2,2,1,1,1,1,1,1,2,2,1,NA
mixture,NA,Mix,Mix.141 ,1,2,1,1,2,2,2,2,1,2,1,2,2,2,1,2,2,2,2,2,1,1,1,1,1,1,1,1,1,2,1,1,1,1,2,2,2,2,2,2,1,2,2,2,2,2,2,2,1,2,2,2,1,1,1,1,1,1,2,2,2,2,1,1,1,1,1,2,2,2,1,1,2,2,2,2,1,1,1,1,1,2,1,2,1,NA
mixture,NA,Mix,Mix.142 ,1,1,1,2,1,1,2,2,1,1,1,2,1,2,2,2,1,1,2,2,1,2,1,1,1,1,1,1,2,2,1,1,1,2,2,2,2,2,2,2,2,2,2,2,2,2,2,2,1,1,2,2,2,2,1,1,1,1,1,2,2,2,1,1,1,1,2,2,2,2,1,1,2,2,2,2,1,2,1,1,2,2,1,2,1,NA
mixture,NA,Mix,Mix.143 ,2,2,1,1,1,2,2,2,1,1,1,2,1,1,1,1,1,1,2,2,1,2,1,1,1,1,1,1,1,1,1,2,1,1,2,2,1,2,2,2,1,2,2,2,2,2,1,2,1,2,1,2,1,1,1,1,1,1,1,2,2,2,2,2,1,1,1,1,1,2,2,2,2,2,1,2,1,1,1,1,1,2,1,2,1,NA
mixture,NA,Mix,Mix.144 ,2,2,2,2,1,1,2,2,1,1,1,1,2,2,2,2,1,1,2,2,1,1,1,1,1,1,1,1,1,2,1,1,1,2,2,2,1,2,2,2,2,2,1,2,2,2,2,2,1,1,2,2,1,2,1,1,1,1,1,2,2,2,1,2,1,1,2,2,2,2,1,1,2,2,2,2,1,1,1,1,1,2,1,1,1,NA
mixture,NA,Mix,Mix.145 ,1,1,1,1,1,1,2,2,1,2,2,2,1,2,1,1,1,1,2,2,1,1,1,1,1,1,1,1,1,2,1,1,2,2,2,2,1,2,2,2,1,1,2,2,2,2,2,2,1,1,2,2,1,1,1,1,1,1,1,2,1,2,1,2,2,2,2,2,2,2,1,1,2,2,1,2,1,1,1,1,1,2,1,2,1,NA
mixture,NA,Mix,Mix.146 ,2,2,1,2,1,2,2,2,1,1,1,1,1,1,1,1,1,1,2,2,1,2,1,1,1,1,1,1,1,1,2,2,1,1,2,2,1,2,2,2,2,2,1,2,2,2,1,2,1,2,2,2,1,1,1,1,1,1,1,2,2,2,2,2,1,1,1,2,1,2,2,2,2,2,2,2,1,1,1,1,1,1,1,1,1,NA
mixture,NA,Mix,Mix.147 ,1,2,2,2,1,1,2,2,1,1,1,2,1,1,1,1,1,1,2,2,1,1,1,1,1,1,1,1,1,2,2,2,1,1,2,2,1,2,2,2,2,2,1,1,1,2,2,2,1,1,1,1,2,2,1,1,1,2,1,1,2,2,2,2,1,1,1,2,1,2,1,2,1,1,1,2,1,1,1,1,1,1,1,2,2,NA
mixture,NA,Mix,Mix.148 ,1,2,2,2,1,2,2,2,1,1,1,2,1,1,1,2,1,1,2,2,1,1,1,1,1,1,1,1,1,1,2,2,1,1,2,2,2,2,2,2,1,2,1,1,2,2,2,2,2,2,1,2,1,1,1,1,1,2,2,2,2,2,2,2,1,1,1,2,1,1,2,2,2,2,1,2,1,1,1,1,1,1,1,2,1,NA
mixture,NA,Mix,Mix.149 ,1,2,1,1,1,2,2,2,1,1,1,2,2,2,1,2,1,1,2,2,1,1,1,1,1,1,1,1,1,2,1,2,1,1,2,2,2,2,2,2,1,1,1,2,2,2,2,2,1,1,2,2,1,1,1,1,1,2,1,2,2,2,1,2,1,1,1,2,2,2,1,1,2,2,2,2,1,1,1,1,2,2,1,2,2,NA
mixture,NA,Mix,Mix.150 ,2,2,1,1,1,1,2,2,2,2,2,2,2,2,1,2,1,2,2,2,1,1,1,1,1,1,1,1,2,2,1,1,1,2,2,2,1,2,2,2,1,2,2,2,2,2,2,2,1,2,2,2,2,2,1,1,1,1,1,2,2,2,1,2,1,1,2,2,1,2,1,1,2,2,2,2,1,2,1,1,1,2,1,2,1,NA
mixture,NA,Mix,Mix.151 ,1,2,2,2,2,2,2,2,1,2,1,2,1,1,1,1,1,1,1,2,1,1,1,1,1,1,1,1,2,2,1,2,1,1,2,2,1,2,2,2,2,2,1,2,2,2,2,2,2,2,1,1,1,1,1,1,1,1,1,1,2,2,1,1,1,2,2,2,2,2,1,2,2,2,2,2,1,1,1,1,1,1,1,2,2,NA
mixture,NA,Mix,Mix.152 ,1,1,1,2,1,2,2,2,1,2,1,2,2,2,1,2,1,1,1,2,1,1,1,1,1,1,1,1,1,2,1,2,1,1,2,2,1,2,1,2,1,1,2,2,2,2,2,2,1,2,2,2,1,2,1,1,1,1,1,2,2,2,1,2,1,2,2,2,2,2,1,1,2,2,2,2,1,1,1,1,2,2,1,1,1,NA
mixture,NA,Mix,Mix.153 ,2,2,1,2,1,1,2,2,1,1,1,2,1,2,1,1,1,1,2,2,1,1,1,1,1,1,1,1,1,2,2,2,1,1,2,2,2,2,2,2,1,1,2,2,2,2,1,1,1,1,1,2,1,2,1,2,1,2,1,2,2,2,2,2,1,1,2,2,1,2,2,2,1,2,2,2,1,2,1,1,1,2,2,2,2,NA
mixture,NA,Mix,Mix.154 ,1,1,2,2,1,2,2,2,1,2,1,1,2,2,1,1,1,1,2,2,1,2,1,1,1,1,1,1,1,2,2,2,1,1,2,2,2,2,2,2,1,2,1,2,2,2,2,2,1,2,1,1,1,1,1,1,1,2,2,2,2,2,1,2,1,1,2,2,1,2,2,2,2,2,2,2,1,2,1,1,2,2,1,2,2,NA
mixture,NA,Mix,Mix.155 ,2,2,1,2,2,2,2,2,1,1,1,2,2,2,1,2,1,1,1,2,1,2,1,1,1,1,1,1,2,2,1,1,1,1,2,2,2,2,2,2,2,2,2,2,2,2,2,2,1,2,2,2,1,2,1,1,1,1,1,2,2,2,1,2,1,1,2,2,2,2,1,2,2,2,2,2,1,1,1,1,2,2,1,1,1,NA
mixture,NA,Mix,Mix.156 ,1,1,1,2,2,2,2,2,1,2,2,2,1,2,2,2,1,1,2,2,1,1,1,1,1,1,1,1,1,2,1,2,2,2,2,2,1,2,2,2,2,2,2,2,2,2,2,2,2,2,1,2,2,2,1,1,1,1,2,2,2,2,1,1,2,2,2,2,2,2,1,1,2,2,1,2,1,1,1,1,2,2,1,1,1,NA
mixture,NA,Mix,Mix.157 ,2,2,2,2,2,2,2,2,1,1,2,2,1,1,1,2,1,1,2,2,1,1,1,1,1,1,1,1,1,2,1,2,1,1,2,2,1,2,1,2,2,2,2,2,2,2,2,2,1,2,1,1,1,1,1,1,1,2,2,2,2,2,2,2,1,1,2,2,1,2,2,2,1,2,2,2,1,1,1,1,1,1,1,2,2,NA
mixture,NA,Mix,Mix.158 ,2,2,1,2,1,1,2,2,1,1,1,2,2,2,2,2,1,1,2,2,1,1,1,1,1,1,1,1,1,2,1,1,1,2,2,2,1,2,2,2,2,2,1,2,2,2,2,2,1,1,1,2,1,2,1,1,1,1,2,2,2,2,1,2,1,1,1,2,2,2,1,1,1,2,2,2,1,1,1,1,2,2,1,2,1,NA
mixture,NA,Mix,Mix.159 ,1,2,2,2,1,1,2,2,1,1,1,2,1,2,1,2,1,1,2,2,1,2,1,1,1,1,1,1,1,2,1,2,1,2,2,2,2,2,2,2,1,2,1,1,2,2,2,2,1,1,1,1,1,2,1,1,1,2,1,1,2,2,1,1,1,1,2,2,2,2,1,2,2,2,2,2,1,1,1,1,2,2,2,2,1,NA
mixture,NA,Mix,Mix.160 ,2,2,2,2,2,2,2,2,1,2,1,2,1,1,1,2,1,1,2,2,1,1,1,1,1,1,1,1,1,1,1,2,1,1,2,2,2,2,2,2,1,1,1,2,2,2,2,2,2,2,1,1,1,1,1,1,1,1,1,2,2,2,1,2,1,2,2,2,2,2,2,2,1,2,2,2,1,1,1,1,1,1,2,2,2,NA
mixture,NA,Mix,Mix.161 ,1,2,1,2,1,2,2,2,2,2,1,1,2,2,1,2,1,1,2,2,1,1,1,1,1,1,1,1,2,2,1,1,1,2,2,2,1,2,2,2,1,2,2,2,2,2,2,2,2,2,2,2,2,2,1,1,1,1,1,2,2,2,2,2,1,1,2,2,2,2,1,1,2,2,2,2,1,1,1,1,2,2,1,1,1,NA
mixture,NA,Mix,Mix.162 ,2,2,1,2,2,2,2,2,1,1,1,2,1,1,1,1,1,1,2,2,1,2,1,1,1,1,1,1,1,1,2,2,1,1,2,2,1,2,2,2,1,1,2,2,2,2,2,2,1,2,1,2,2,2,1,1,2,2,1,1,2,2,2,2,1,1,1,1,1,2,1,2,2,2,1,2,1,1,1,1,1,1,2,2,2,NA
mixture,NA,Mix,Mix.163 ,2,2,1,2,1,1,2,2,1,2,1,1,1,2,2,2,1,1,2,2,1,2,1,1,1,1,1,1,1,2,1,1,2,2,2,2,1,2,2,2,2,2,2,2,2,2,2,2,1,2,1,2,2,2,1,1,1,1,2,2,2,2,1,1,1,2,2,2,2,2,1,1,2,2,2,2,1,1,1,1,1,2,1,1,1,NA
mixture,NA,Mix,Mix.164 ,1,2,2,2,1,1,2,2,1,1,1,1,1,2,1,1,1,2,2,2,1,2,1,1,1,1,1,1,1,2,1,1,1,2,2,2,1,1,2,2,1,2,1,1,2,2,2,2,1,2,1,1,1,1,1,1,1,1,1,2,2,2,1,1,1,1,1,2,2,2,1,2,2,2,2,2,1,2,1,1,2,2,1,1,2,NA
mixture,NA,Mix,Mix.165 ,2,2,2,2,1,2,2,2,1,1,2,2,1,1,1,2,1,1,2,2,1,1,1,1,1,1,1,1,1,1,2,2,1,1,2,2,2,2,2,2,1,2,1,1,2,2,1,1,1,2,2,2,2,2,1,1,1,2,1,2,2,2,2,2,1,1,2,2,1,2,2,2,2,2,2,2,1,1,1,1,1,1,2,2,1,NA
mixture,NA,Mix,Mix.166 ,1,2,2,2,1,2,2,2,1,1,1,2,1,1,2,2,1,1,2,2,1,2,1,1,1,1,1,1,1,1,2,2,1,1,2,2,2,2,2,2,1,2,1,1,1,2,1,2,1,1,1,2,1,2,1,1,1,1,1,2,2,2,2,2,1,1,1,1,1,2,1,2,1,2,1,1,1,1,1,1,1,2,2,2,1,NA
mixture,NA,Mix,Mix.167 ,2,2,2,2,2,2,2,2,1,1,1,2,1,1,1,1,1,1,2,2,1,2,1,1,1,2,1,1,1,1,2,2,1,1,1,2,1,2,2,2,1,2,1,1,1,2,2,2,1,1,1,1,1,1,1,1,1,2,1,2,2,2,2,2,1,1,1,1,1,2,2,2,2,2,1,2,1,1,1,1,1,2,1,2,1,NA
mixture,NA,Mix,Mix.168 ,2,2,1,1,1,2,2,2,1,2,1,2,1,1,1,2,1,1,2,2,1,1,1,1,1,1,1,1,1,1,1,2,1,1,2,2,1,1,2,2,1,1,2,2,2,2,2,2,1,2,1,2,1,2,1,1,1,1,1,2,2,2,1,1,1,2,1,1,1,2,1,1,1,2,2,2,1,1,1,1,1,1,1,2,1,NA
mixture,NA,Mix,Mix.169 ,2,2,2,2,2,2,2,2,1,2,2,2,1,2,1,1,1,1,2,2,2,2,1,1,1,1,1,1,2,2,2,2,1,1,2,2,2,2,2,2,2,2,2,2,2,2,2,2,1,2,1,1,1,1,1,1,1,1,1,2,2,2,1,2,1,1,1,1,2,2,2,2,2,2,2,2,1,1,1,1,1,2,1,1,2,NA
mixture,NA,Mix,Mix.170 ,1,2,2,2,2,2,2,2,1,2,1,1,1,2,1,2,1,1,2,2,1,1,1,1,1,1,1,1,2,2,1,2,1,1,2,2,1,2,2,2,1,2,1,1,2,2,2,2,1,2,1,1,1,1,1,1,1,2,1,2,2,2,1,2,1,1,1,2,2,2,1,2,2,2,2,2,1,1,1,1,2,2,1,1,2,NA
mixture,NA,Mix,Mix.171 ,1,2,1,2,1,1,2,2,1,2,2,2,2,2,1,2,1,1,1,2,1,1,1,1,1,1,1,1,2,2,1,2,2,2,2,2,2,2,2,2,2,2,2,2,2,2,2,2,1,1,2,2,1,1,1,2,1,1,1,2,2,2,2,2,1,2,2,2,2,2,1,1,2,2,2,2,1,1,1,1,1,2,1,1,1,NA
mixture,NA,Mix,Mix.172 ,1,1,1,2,1,1,2,2,1,1,2,2,2,2,1,2,1,2,2,2,1,1,1,1,1,1,1,1,2,2,1,1,2,2,2,2,2,2,2,2,1,2,2,2,2,2,1,2,1,2,1,2,1,2,1,1,1,1,1,1,2,2,1,2,1,1,2,2,2,2,1,1,1,2,2,2,1,2,1,1,2,2,1,1,1,NA
mixture,NA,Mix,Mix.173 ,1,2,1,2,1,2,2,2,1,2,1,2,2,2,1,1,1,1,2,2,1,1,1,1,1,1,1,1,2,2,1,1,1,1,2,2,1,1,2,2,1,2,1,1,2,2,2,2,1,2,1,1,1,1,1,1,1,2,1,2,2,2,1,1,1,2,2,2,1,2,1,1,2,2,2,2,1,1,1,1,1,2,1,2,2,NA
mixture,NA,Mix,Mix.174 ,1,2,2,2,1,2,2,2,1,2,1,2,1,1,1,1,1,1,2,2,1,1,1,1,1,2,1,1,2,2,1,1,1,2,2,2,1,2,2,2,2,2,2,2,2,2,2,2,1,2,1,2,1,2,1,1,1,1,1,1,2,2,1,1,2,2,1,2,2,2,1,1,2,2,2,2,1,1,1,1,1,1,1,1,2,NA
mixture,NA,Mix,Mix.175 ,1,2,2,2,2,2,2,2,1,1,1,1,1,1,1,2,1,1,2,2,1,1,1,1,1,1,1,1,1,1,2,2,1,1,2,2,2,2,2,2,1,2,1,2,2,2,1,2,1,2,2,2,1,2,1,1,1,2,1,2,2,2,2,2,1,1,1,2,1,1,2,2,2,2,2,2,1,1,1,1,1,2,1,2,1,NA
mixture,NA,Mix,Mix.176 ,1,2,1,2,1,1,2,2,1,2,1,2,2,2,1,2,1,1,2,2,1,1,1,1,1,1,1,1,2,2,1,1,2,2,2,2,1,2,2,2,2,2,2,2,2,2,1,2,1,2,1,2,1,2,1,1,1,1,1,2,2,2,1,2,1,1,2,2,2,2,1,1,2,2,1,2,1,1,1,1,2,2,1,1,1,NA
mixture,NA,Mix,Mix.177 ,1,2,2,2,1,1,2,2,1,1,1,2,1,1,1,1,1,1,2,2,1,2,1,1,1,2,1,1,1,1,1,2,1,1,2,2,1,2,2,2,1,2,1,2,2,2,1,2,1,2,1,2,1,2,1,1,1,2,1,1,2,2,2,2,1,1,1,1,1,1,2,2,2,2,1,2,1,1,1,1,1,1,1,1,1,NA
mixture,NA,Mix,Mix.178 ,1,2,2,2,1,1,2,2,1,1,2,2,1,1,1,2,1,1,2,2,1,2,1,1,1,1,1,1,1,1,2,2,1,1,2,2,1,2,2,2,2,2,1,1,2,2,2,2,1,2,1,2,1,1,1,1,1,1,1,2,2,2,2,2,1,1,2,2,1,1,2,2,2,2,1,2,1,1,1,1,1,2,2,2,1,NA
mixture,NA,Mix,Mix.179 ,2,2,2,2,1,2,2,2,1,2,2,2,1,1,1,1,1,1,2,2,1,1,1,1,1,1,1,1,1,1,2,2,1,1,2,2,1,2,2,2,1,2,2,2,2,2,1,1,2,2,1,1,1,1,1,1,2,2,2,2,2,2,2,2,1,1,2,2,2,2,2,2,2,2,2,2,1,1,1,1,2,2,2,2,1,NA
mixture,NA,Mix,Mix.180 ,2,2,1,2,2,2,2,2,1,1,2,2,1,2,1,1,1,1,2,2,1,1,1,1,1,1,1,1,1,1,1,2,1,1,2,2,1,2,2,2,1,1,2,2,2,2,1,2,1,2,1,1,2,2,1,1,1,2,2,2,2,2,2,2,1,1,1,2,2,2,2,2,2,2,2,2,1,1,1,1,NA,NA,2,2,2,NA
mixture,NA,Mix,Mix.181 ,1,2,1,2,2,2,2,2,1,1,2,2,2,2,1,1,1,1,2,2,1,1,1,1,1,1,1,1,1,1,2,2,1,1,2,2,1,1,2,2,1,2,1,1,2,2,1,2,2,2,2,2,1,1,1,1,1,1,1,2,2,2,2,2,1,1,1,1,2,2,2,2,2,2,1,1,NA,NA,1,1,1,1,1,1,1,NA
mixture,NA,Mix,Mix.182 ,2,2,2,2,1,1,2,2,2,2,1,1,2,2,1,1,NA,NA,2,2,2,2,1,1,1,1,1,1,2,2,1,1,1,2,2,2,2,2,2,2,2,2,2,2,2,2,2,2,1,1,2,2,1,1,1,1,1,1,1,1,2,2,1,1,1,1,2,2,2,2,1,1,2,2,2,2,1,1,1,1,2,2,1,2,1,NA
mixture,NA,Mix,Mix.183 ,2,2,2,2,1,2,2,2,1,1,NA,NA,1,1,1,2,1,1,2,2,1,1,1,1,1,1,1,1,1,1,1,2,1,1,2,2,2,2,2,2,1,1,2,2,2,2,2,2,1,1,1,1,1,2,1,1,1,2,1,1,2,2,2,2,1,2,2,2,1,1,1,1,2,2,1,2,1,1,1,1,1,1,1,2,2,NA
mixture,NA,Mix,Mix.184 ,1,2,2,2,1,1,2,2,1,1,1,2,2,2,2,2,NA,NA,2,2,1,1,1,1,1,1,1,1,1,2,1,2,1,2,2,2,2,2,2,2,2,2,2,2,2,2,2,2,1,1,2,2,2,2,1,1,1,1,1,2,1,2,1,2,1,2,2,2,2,2,1,1,2,2,2,2,1,1,1,1,1,2,1,2,1,NA
mixture,NA,Mix,Mix.185 ,1,2,1,2,1,1,2,2,1,1,1,2,2,2,2,2,1,1,2,2,1,1,1,1,1,1,1,1,2,2,1,1,1,1,2,2,2,2,2,2,1,2,2,2,2,2,2,2,1,2,NA,NA,1,2,1,1,1,1,2,2,2,2,1,1,1,1,1,2,2,2,1,1,2,2,2,2,1,1,1,1,1,2,1,2,1,NA
mixture,NA,Mix,Mix.186 ,2,2,2,2,1,1,2,2,1,2,2,2,2,2,2,2,2,2,2,2,1,1,1,1,1,1,1,1,2,2,1,1,1,1,2,2,2,2,2,2,2,2,2,2,2,2,2,2,1,1,2,2,1,2,1,1,1,1,2,2,1,2,2,2,1,1,2,2,2,2,1,1,2,2,2,2,1,1,1,1,NA,NA,1,1,1,NA
mixture,NA,Mix,Mix.187 ,2,2,2,2,2,2,2,2,1,1,1,2,2,2,1,2,1,1,2,2,1,1,1,2,1,1,1,1,2,2,2,2,1,1,2,2,2,2,2,2,NA,NA,1,2,2,2,1,2,1,1,2,2,2,2,1,1,2,2,1,1,2,2,2,2,1,1,1,2,1,2,2,2,2,2,2,2,1,1,1,1,1,2,1,2,1,NA
mixture,NA,Mix,Mix.188 ,2,2,2,2,1,2,2,2,1,1,1,1,1,2,1,1,1,1,1,2,2,2,1,1,1,1,1,1,NA,NA,2,2,1,1,2,2,1,2,2,2,1,2,1,2,2,2,2,2,1,2,2,2,1,1,1,1,1,2,1,1,2,2,2,2,1,1,1,2,1,2,2,2,2,2,1,2,1,1,1,1,1,2,2,2,1,NA
mixture,NA,Mix,Mix.189 ,1,1,1,2,1,1,2,2,2,2,1,2,1,2,2,2,2,2,2,2,1,1,1,1,1,1,1,1,1,2,1,1,1,2,2,2,2,2,2,2,1,2,2,2,2,2,2,2,1,2,1,1,1,1,1,1,1,1,2,2,2,2,1,2,1,2,2,2,2,2,1,1,2,2,2,2,1,1,1,1,NA,NA,1,1,1,NA
mixture,NA,Mix,Mix.190 ,1,2,2,2,1,2,2,2,1,1,NA,NA,1,2,1,1,1,1,2,2,1,1,1,1,1,1,1,1,2,2,1,1,1,2,2,2,2,2,2,2,1,2,2,2,1,2,1,2,1,1,2,2,2,2,1,1,1,1,1,2,2,2,1,1,1,1,1,2,2,2,1,1,2,2,2,2,NA,NA,1,1,2,2,1,1,1,NA
mixture,NA,Mix,Mix.191 ,2,2,2,2,1,1,2,2,1,1,2,2,1,1,1,1,1,1,1,1,1,2,1,1,1,1,1,1,1,1,2,2,1,1,2,2,1,1,2,2,2,2,1,2,2,2,1,2,1,2,1,2,1,1,1,1,1,2,NA,NA,2,2,2,2,1,1,1,1,1,1,2,2,1,1,1,1,NA,NA,1,1,NA,NA,2,2,1,NA
mixture,NA,Mix,Mix.192 ,2,2,2,2,1,1,2,2,1,1,1,2,1,2,2,2,1,1,2,2,1,1,1,1,1,1,1,1,1,1,2,2,1,1,NA,NA,1,2,2,2,2,2,1,2,2,2,1,1,2,2,1,2,2,2,NA,NA,2,2,1,1,NA,NA,2,2,1,1,NA,NA,1,2,2,2,2,2,1,2,1,1,1,1,2,2,1,1,1,NA
mixture,NA,Mix,Mix.193 ,1,2,1,1,1,1,2,2,1,1,1,2,1,2,2,2,1,1,2,2,1,1,1,1,NA,NA,NA,NA,2,2,1,2,1,2,NA,NA,1,2,2,2,1,2,2,2,2,2,2,2,1,1,2,2,2,2,NA,NA,1,1,NA,NA,NA,NA,2,2,1,2,NA,NA,2,2,1,1,2,2,2,2,1,1,1,1,1,2,1,2,NA,NA
